,,,,,China White,Ivory,Soft Yellow,Bright Yellow,Squash Yellow,Harvest Gold,Orange Sorbet,Apricot,Orange,Red Coral,Fire Engine Red,Flame Red,Dragon Red,Blush,Pink Pink,Peach,Rose,Crimson,Lilac,Regal Purple,Plum,Lavender,Wild Violet,Pansy Purple,Concord Grape,Baby Blue,Wedgewood Blue,Sea Blue,Bright Blue,Kings Blue,Midnight Blue,Electra Blue,Tucson Turquoise,Aquamarine,Jade,True Teal
Cotton Tail,sc_16_cone06.jpg (https://v5.airtableusercontent.com/v3/u/45/45/1759183200000/a5xiJzB01TTdn1WL4kgZMw/9-rCkqa3FZYJPls9ep8BuFGqH8gSiDgzd2MIFk1QXDGEtBEq58olaA0XzPVMFxJyojivyTgqlyutMYOllo4FLJpzzzGHM9L2oV6WHMkxMa7L2E-MHLrZCn-PeMXTTL3EQ8y1Lk2knNMUDldHSrS3IkUpj5iol1qELBvQCByt-Zw/W-ZHXgFzttTQFH4g1Xra0n31e_SaYGvprpMz-UBUziM),sc_16_cone06.jpg,https://v5.airtableusercontent.com/v3/u/45/45/1759183200000/a5xiJzB01TTdn1WL4kgZMw/9-rCkqa3FZYJPls9ep8BuFGqH8gSiDgzd2MIFk1QXDGEtBEq58olaA0XzPVMFxJyojivyTgqlyutMYOllo4FLJpzzzGHM9L2oV6WHMkxMa7L2E-MHLrZCn-PeMXTTL3EQ8y1Lk2knNMUDldHSrS3IkUpj5iol1qELBvQCByt-Zw/W-ZHXgFzttTQFH4g1Xra0n31e_SaYGvprpMz-UBUziM),,1,,,,,,,1,,1,,1,,1,,,1,,,1,1,1,,1,,,,,1,,,,1,1,1,1
Ivory Tower,sc_37_cone06.jpg (https://v5.airtableusercontent.com/v3/u/45/45/1759183200000/W8YJS1xMCPIFKE0EvUycaA/Ve6AyLjcnUqb8aeRpgS4bPw-sNTOc7hVGJ6thOqKci_cMdH768QZYpBZscXA6hLIJM6lrq8cFOxsIAXrUSAbXcvBSs4Lvkya06ZdN8Wl6UnXjy_qeVupI-VkKpWjbes6VOYBRBCTbg_BbvXt9Xcstl0QoJ_7BMtS2MIjUR3Cjr4/6qpdxbOy7P_sJk6CPyoUOjZBzGKUhbNRQWbhSQF811I),sc_37_cone06.jpg,https://v5.airtableusercontent.com/v3/u/45/45/1759183200000/W8YJS1xMCPIFKE0EvUycaA/Ve6AyLjcnUqb8aeRpgS4bPw-sNTOc7hVGJ6thOqKci_cMdH768QZYpBZscXA6hLIJM6lrq8cFOxsIAXrUSAbXcvBSs4Lvkya06ZdN8Wl6UnXjy_qeVupI-VkKpWjbes6VOYBRBCTbg_BbvXt9Xcstl0QoJ_7BMtS2MIjUR3Cjr4/6qpdxbOy7P_sJk6CPyoUOjZBzGKUhbNRQWbhSQF811I),,,,,,,,,,,,,,,,,,,,,,,,,,,,,,,,,,,,,1
Yella Bout It,sc_55_cone06.jpg (https://v5.airtableusercontent.com/v3/u/45/45/1759183200000/BOZN81TXHfx62940KDsNcQ/iLf97IAWZSLJe-A3a-6lHv93OLHIJkFZQhnEWYQb8RusbLGQDlfzcir4fVQ98oV81Nss29dPqtUpuI8APuP6MvZ2Xa-KI-DL3BYd4Uau31RFm80cFh510S3RY8IsWi4EKEf7wW-GxKqCpkSBUZonxZX7Mq36Nes6bzhxnV85y1s/EZ4vRBgsz2jVoNOmVHkMXhWTLrP9W-NeZPemaob-fzM),sc_55_cone06.jpg,https://v5.airtableusercontent.com/v3/u/45/45/1759183200000/BOZN81TXHfx62940KDsNcQ/iLf97IAWZSLJe-A3a-6lHv93OLHIJkFZQhnEWYQb8RusbLGQDlfzcir4fVQ98oV81Nss29dPqtUpuI8APuP6MvZ2Xa-KI-DL3BYd4Uau31RFm80cFh510S3RY8IsWi4EKEf7wW-GxKqCpkSBUZonxZX7Mq36Nes6bzhxnV85y1s/EZ4vRBgsz2jVoNOmVHkMXhWTLrP9W-NeZPemaob-fzM),,,,,,,,,,,,,,,,,,,,,,,,,,,,,,,,,,,,,
Sunkissed,sc_6_cone06.jpg (https://v5.airtableusercontent.com/v3/u/45/45/1759183200000/6sPWKM1k6I1L3iiZWZRC0w/EH_zc-YD8kksxy_A9g12xdWVjp-hhEtewriKyj13rfboC8q3KZpqG7ZbT50rCAw_aK8oSaOrRoLwwVSfGHMpOXwSfaM0ISRsBw1XsAs4SdWuvge-ajbwz-1OFN9bROUEhjQdX7uq1mVmcf4saX_DlDNeu7YpstQgwCjB-UpJNhQ/35TOTX0vF2A4oP9DNoekManGhBRNlEP4brC94k_IJxo),sc_6_cone06.jpg,https://v5.airtableusercontent.com/v3/u/45/45/1759183200000/6sPWKM1k6I1L3iiZWZRC0w/EH_zc-YD8kksxy_A9g12xdWVjp-hhEtewriKyj13rfboC8q3KZpqG7ZbT50rCAw_aK8oSaOrRoLwwVSfGHMpOXwSfaM0ISRsBw1XsAs4SdWuvge-ajbwz-1OFN9bROUEhjQdX7uq1mVmcf4saX_DlDNeu7YpstQgwCjB-UpJNhQ/35TOTX0vF2A4oP9DNoekManGhBRNlEP4brC94k_IJxo),,,,,,,,,,,,,,,,,,,,,,,,,,,,,,,,,,,,,
Butter Me Up,sc_42_cone06.jpg (https://v5.airtableusercontent.com/v3/u/45/45/1759183200000/U0J_DYp47AFFyeig_hQPTw/GBylpt6wEu4HfJlxbTSs9JdvOoiAX4sKW9h5Xsa4IMli_ug7YPm9AtMIDUfCWvxKb6Cskxv2GYzdj4SZLlYfcld0fPavzBP-dO0qGXxKgNPzdqJ08qIpoKv-0-A9s2lWXMS9lVEdb1OznaO9F4WZ3iMXdIKAd-eGW0IyUkyXygk/blgyYZUqRV07LKXOznOuCpWqqjGwwlaWmFidSfjTuek),sc_42_cone06.jpg,https://v5.airtableusercontent.com/v3/u/45/45/1759183200000/U0J_DYp47AFFyeig_hQPTw/GBylpt6wEu4HfJlxbTSs9JdvOoiAX4sKW9h5Xsa4IMli_ug7YPm9AtMIDUfCWvxKb6Cskxv2GYzdj4SZLlYfcld0fPavzBP-dO0qGXxKgNPzdqJ08qIpoKv-0-A9s2lWXMS9lVEdb1OznaO9F4WZ3iMXdIKAd-eGW0IyUkyXygk/blgyYZUqRV07LKXOznOuCpWqqjGwwlaWmFidSfjTuek),,,,1,,,,,,,,,,,,,,,,,,1,,,,,,,,,,,,,,,
Dandelion,sc_24_cone06.jpg (https://v5.airtableusercontent.com/v3/u/45/45/1759183200000/S_6Ye1me7kf4wAfpZk6ttA/oOU7pn0FQqlesZUEnN2-xf5h7dgU4o7ijzXWbwA-FikdLN5g5KbdgdhO-_-yEO3Is232nw28YneaYG7t5qaez2RQX0MU_OOK5yyWlT0KhXCupvz1o6uuOVz9OfRcFDoi7tegWTQAhT1VarVRGlh725pYxmJ9hO1tkoLIuzcts1Y/LDAu91VlaITMvEbeABpDNDmQrwxEr01FRosDYyS9W-M),sc_24_cone06.jpg,https://v5.airtableusercontent.com/v3/u/45/45/1759183200000/S_6Ye1me7kf4wAfpZk6ttA/oOU7pn0FQqlesZUEnN2-xf5h7dgU4o7ijzXWbwA-FikdLN5g5KbdgdhO-_-yEO3Is232nw28YneaYG7t5qaez2RQX0MU_OOK5yyWlT0KhXCupvz1o6uuOVz9OfRcFDoi7tegWTQAhT1VarVRGlh725pYxmJ9hO1tkoLIuzcts1Y/LDAu91VlaITMvEbeABpDNDmQrwxEr01FRosDYyS9W-M),,,,,,,,,,,,,,,,,,,,,,,,,,,,,,,,,,,,,
Cant-elope,sc_97_cone06.jpg (https://v5.airtableusercontent.com/v3/u/45/45/1759183200000/GudUiGBKkTu2wBplMYLidg/cnznn0podTeArvjcfG4vFFlLNJc63X-IPakvgkxttX4FDE7JY0o_6XkF8lGXdALMqVG7qvD9Ed7kObsNPjwEnGAe4ds8P4KlXb14H3_nqijO_fKY061ZezvgSLQRrON9Z7LnmhWsOAw6qPViOXekAm7szj6Zh3UqpjEiOxbstMY/lwL_6Oy3VE0VJCRSqtoQji7RcKgC3ZFeLbpQR_hjReQ),sc_97_cone06.jpg,https://v5.airtableusercontent.com/v3/u/45/45/1759183200000/GudUiGBKkTu2wBplMYLidg/cnznn0podTeArvjcfG4vFFlLNJc63X-IPakvgkxttX4FDE7JY0o_6XkF8lGXdALMqVG7qvD9Ed7kObsNPjwEnGAe4ds8P4KlXb14H3_nqijO_fKY061ZezvgSLQRrON9Z7LnmhWsOAw6qPViOXekAm7szj6Zh3UqpjEiOxbstMY/lwL_6Oy3VE0VJCRSqtoQji7RcKgC3ZFeLbpQR_hjReQ),,,,1,,,1,,1,,,,,,,,,,,,,,,,,,,,,,,,,,,,
Just Peachy,sc_102_cone06.jpg (https://v5.airtableusercontent.com/v3/u/45/45/1759183200000/pKobf6NYiaK-QFqWbfyJyA/32v53dtXNoVs_1oEtBaEfmCUzqTxLzXxUxdfYPzbmnMUzaazLQMdzJYo1eKfhc8bbv-mUG-U_D8_0QRbOz4VN5yRjb3oyLF7EZm_zzfwVpd6TESmlt_ak5pTutXga4nyoLGxjDbrvCzYF6HXx7XRmNa_e7FMUbx7snwQw7F0pc8/eL_BYV3FWfYsCTbfCaQHHVLwrZoDK4U7jDQqQTzM_C0),sc_102_cone06.jpg,https://v5.airtableusercontent.com/v3/u/45/45/1759183200000/pKobf6NYiaK-QFqWbfyJyA/32v53dtXNoVs_1oEtBaEfmCUzqTxLzXxUxdfYPzbmnMUzaazLQMdzJYo1eKfhc8bbv-mUG-U_D8_0QRbOz4VN5yRjb3oyLF7EZm_zzfwVpd6TESmlt_ak5pTutXga4nyoLGxjDbrvCzYF6HXx7XRmNa_e7FMUbx7snwQw7F0pc8/eL_BYV3FWfYsCTbfCaQHHVLwrZoDK4U7jDQqQTzM_C0),,,,,,,,,,,,,,,,,,,,,,1,,,,,,,,,,,,,,,
Jack O'Lantern,sc_23_cone06.jpg (https://v5.airtableusercontent.com/v3/u/45/45/1759183200000/OAnuAVrBv6P0X9Wzvp-GEg/v3x63UKj0qCczQi2Il0LB-Li-ilYKIqcjwNdpt78CHjit-5VsHRwMY1iUQvcu1pFZqHXwxdzTIfJfImcEe435_yWGBqOagewpc8bjwXwd5s7q0ENjmw19J9cohikwSHOWuRmnFMPJGojliripK7uORkt6WP47S9yZeADqISeqOM/bhwqqwXYdNHryr9Jy7jFpl3xZ4QbsqxuoKjtCBhPZbc),sc_23_cone06.jpg,https://v5.airtableusercontent.com/v3/u/45/45/1759183200000/OAnuAVrBv6P0X9Wzvp-GEg/v3x63UKj0qCczQi2Il0LB-Li-ilYKIqcjwNdpt78CHjit-5VsHRwMY1iUQvcu1pFZqHXwxdzTIfJfImcEe435_yWGBqOagewpc8bjwXwd5s7q0ENjmw19J9cohikwSHOWuRmnFMPJGojliripK7uORkt6WP47S9yZeADqISeqOM/bhwqqwXYdNHryr9Jy7jFpl3xZ4QbsqxuoKjtCBhPZbc),,,,,,,,,1,,,,,,,,,,,,,,,,,,,,,,,,,,,,
Orange-A-Peel,sc_75_cone06.jpg (https://v5.airtableusercontent.com/v3/u/45/45/1759183200000/MgCWPgGFi8Fjqz40dX8_IQ/pkvdWs1h_AYvfXlxNUuaPrQfUiGPBlm1Zo2wLbVral0-mcGOAYSPyxqS-W_Z-G70GFHZ6cKLB5if2ZMoXB_HDyvmHQkV3b9kGiP6aJLHJyfFDe98-WYhMY1qqb-QuhGTnoqWn2568vFXe_DlS-H7ZFF21PRgPxs8fmeQM1kN6_Y/KcNZFFt8iQuYwCJQsiQxXYpWNMzwyC1kpU6QVLvF0T4),sc_75_cone06.jpg,https://v5.airtableusercontent.com/v3/u/45/45/1759183200000/MgCWPgGFi8Fjqz40dX8_IQ/pkvdWs1h_AYvfXlxNUuaPrQfUiGPBlm1Zo2wLbVral0-mcGOAYSPyxqS-W_Z-G70GFHZ6cKLB5if2ZMoXB_HDyvmHQkV3b9kGiP6aJLHJyfFDe98-WYhMY1qqb-QuhGTnoqWn2568vFXe_DlS-H7ZFF21PRgPxs8fmeQM1kN6_Y/KcNZFFt8iQuYwCJQsiQxXYpWNMzwyC1kpU6QVLvF0T4),,,,,,,,,1,,,,,,,,,,,,,,,,,,,,,,,,,,,,
Orange Ya Happy,sc_50_cone06.jpg (https://v5.airtableusercontent.com/v3/u/45/45/1759183200000/HJbLkY8b8sghPBgoiNG0hg/OdCxSiITeqBS0omXwxUniuY-EUYhRcXLDXLUQm5UtR6rEnVhIQ0aJkFeXWlc1gq1_MfrO4h8qqxj4I1-Zhl04YCM2p1DytUIag7qEeKrfSJ4Dwk5tpC-bjPV0xil-k1_AI8ekbygfxKY2JCqWrclVztTKb6q33vpZ9i57ghmDtc/DjA4_vVFoVi9BRc3P6RMezbjFK04aDIUDkeb6fvmlPI),sc_50_cone06.jpg,https://v5.airtableusercontent.com/v3/u/45/45/1759183200000/HJbLkY8b8sghPBgoiNG0hg/OdCxSiITeqBS0omXwxUniuY-EUYhRcXLDXLUQm5UtR6rEnVhIQ0aJkFeXWlc1gq1_MfrO4h8qqxj4I1-Zhl04YCM2p1DytUIag7qEeKrfSJ4Dwk5tpC-bjPV0xil-k1_AI8ekbygfxKY2JCqWrclVztTKb6q33vpZ9i57ghmDtc/DjA4_vVFoVi9BRc3P6RMezbjFK04aDIUDkeb6fvmlPI),,,1,,,,,,1,,,,,,,,,,,,,,,,,,,,,,,,,,,,
Melon-choly,sc_2_cone06.jpg (https://v5.airtableusercontent.com/v3/u/45/45/1759183200000/Q0ulhLd9O9m3vmQxEvwO3Q/-GxuVqRoclARr0V1qa0u0S8Pqi4lAzNm5jiO24dafgAfXx1vWQEwbBwQpSLF6XeyX8Z8ASOAEQmYN-W52HiSFsPzGjmds0jZ5lTeluHv-R7DScuYt6ddKjo4B93Lzs4W7MiFr4sw-niY_PXnzP7kuEkKpyDGiGtytvdx13URJ7Y/GsG4Iy4kPjFSgc8DUI4XhgtqhUdeGJWcodrjst4WN1I),sc_2_cone06.jpg,https://v5.airtableusercontent.com/v3/u/45/45/1759183200000/Q0ulhLd9O9m3vmQxEvwO3Q/-GxuVqRoclARr0V1qa0u0S8Pqi4lAzNm5jiO24dafgAfXx1vWQEwbBwQpSLF6XeyX8Z8ASOAEQmYN-W52HiSFsPzGjmds0jZ5lTeluHv-R7DScuYt6ddKjo4B93Lzs4W7MiFr4sw-niY_PXnzP7kuEkKpyDGiGtytvdx13URJ7Y/GsG4Iy4kPjFSgc8DUI4XhgtqhUdeGJWcodrjst4WN1I),,,,,,,,,1,,,,,1,1,,,1,,,1,1,,1,,1,,,,,,,,,,,
Cutie Pie Coral,sc_89_cone06.jpg (https://v5.airtableusercontent.com/v3/u/45/45/1759183200000/i_HbOCjmH-cKEhmgxOIzOA/blOEnB5yms3wTfnTczMKBi_8gle8k8eBDWr-Ea75am7xz7S54tiLfaZqxx0uM-wzpaP0GOdjzVXiwvpCds9qKoXkrxg5PP5fW65k0VRWiGs66uVmQSr9jxeMWrAoYao0nYOQptuuzghc4TZ9lQ_pX1LFpFGLCUp0t1evn49P0h0/fSBAJJdll7qKjpUmWmd1sZV_4y1Ek3DSuqKCNoFlzKQ),sc_89_cone06.jpg,https://v5.airtableusercontent.com/v3/u/45/45/1759183200000/i_HbOCjmH-cKEhmgxOIzOA/blOEnB5yms3wTfnTczMKBi_8gle8k8eBDWr-Ea75am7xz7S54tiLfaZqxx0uM-wzpaP0GOdjzVXiwvpCds9qKoXkrxg5PP5fW65k0VRWiGs66uVmQSr9jxeMWrAoYao0nYOQptuuzghc4TZ9lQ_pX1LFpFGLCUp0t1evn49P0h0/fSBAJJdll7qKjpUmWmd1sZV_4y1Ek3DSuqKCNoFlzKQ),,,,,,,,,,,,,,,,,1,1,,,,,,1,,,,,,,,,,,,,
Tu Tu Tango,sc_88_cone06.jpg (https://v5.airtableusercontent.com/v3/u/45/45/1759183200000/AlojIB5lBacjwZemCuzaQw/3VchU8b8k-qyZoyF0AEy32taA3SDVGSEHkyuHpaMNwYMPI5MqqU_y6hmvqiwaWEuIk_pfHHFKFBzLL4HzOkZQclnv1g3-6X1apidwuGSG3VtpDxPLWNE6DzrPLWYBZq1hInuJBRagbQSACMMZBlJLOr7Ovcq-L5052PVqmMslnc/mSa1VjHcqbSmFF3Zk38O17ZOxtTqIXxOdKX0pefAn0w),sc_88_cone06.jpg,https://v5.airtableusercontent.com/v3/u/45/45/1759183200000/AlojIB5lBacjwZemCuzaQw/3VchU8b8k-qyZoyF0AEy32taA3SDVGSEHkyuHpaMNwYMPI5MqqU_y6hmvqiwaWEuIk_pfHHFKFBzLL4HzOkZQclnv1g3-6X1apidwuGSG3VtpDxPLWNE6DzrPLWYBZq1hInuJBRagbQSACMMZBlJLOr7Ovcq-L5052PVqmMslnc/mSa1VjHcqbSmFF3Zk38O17ZOxtTqIXxOdKX0pefAn0w),,,,,,,,,1,1,,,,,,,,,,,,,,,,,,,,,,,,,1,,
Candy Apple Red,sc_73_cone06.jpg (https://v5.airtableusercontent.com/v3/u/45/45/1759183200000/5SM10nAt5ZNwJ-w_3LT7Sw/_f7CKxI6Ck1xYvksE8SNrcJ_yprpC7xQiSCvT0OCqQVdfZwsRxeZ89WbECzn-MfWZqS71ooUhTXnr6QoZ-vu-EDO3VS09wqWZllfPwUDUI8snoUIhlAlHmmBplnruFL9d6P2kEBJrEAuJYjB8YNbxAnfYSJtWIAhXfW2dRpgGx8/8EhVuCkZf3AM11qI7M7LpEnKlePm5k-_ZjP4UZWiYeY),sc_73_cone06.jpg,https://v5.airtableusercontent.com/v3/u/45/45/1759183200000/5SM10nAt5ZNwJ-w_3LT7Sw/_f7CKxI6Ck1xYvksE8SNrcJ_yprpC7xQiSCvT0OCqQVdfZwsRxeZ89WbECzn-MfWZqS71ooUhTXnr6QoZ-vu-EDO3VS09wqWZllfPwUDUI8snoUIhlAlHmmBplnruFL9d6P2kEBJrEAuJYjB8YNbxAnfYSJtWIAhXfW2dRpgGx8/8EhVuCkZf3AM11qI7M7LpEnKlePm5k-_ZjP4UZWiYeY),,,,,,,,,,,,,,,,,,,,,,,,,,,,,,,,,,,,,
Hot Tamale,sc_74_cone06.jpg (https://v5.airtableusercontent.com/v3/u/45/45/1759183200000/_p9nHUgho6UDnq2NbCFk3Q/3rnYmFmFWkaNUe8WHzPFYNaNPJV02kwwMTWm27XpxRqGfA7VYUIqg1Q9_Epjt82maP0b96qS7F4cEadGM5z9_wPAQm6_-a6NYEDms1-WRscXNpy_eHsQPRHMnn9M_3y34o00zrp8b4E1pOhzQJ3jNn8rHPNCILddUVXN32dFx8s/Zy7sAn1bulosm7eUCrbIau7AGfnvYTu0sKwwLViPWYY),sc_74_cone06.jpg,https://v5.airtableusercontent.com/v3/u/45/45/1759183200000/_p9nHUgho6UDnq2NbCFk3Q/3rnYmFmFWkaNUe8WHzPFYNaNPJV02kwwMTWm27XpxRqGfA7VYUIqg1Q9_Epjt82maP0b96qS7F4cEadGM5z9_wPAQm6_-a6NYEDms1-WRscXNpy_eHsQPRHMnn9M_3y34o00zrp8b4E1pOhzQJ3jNn8rHPNCILddUVXN32dFx8s/Zy7sAn1bulosm7eUCrbIau7AGfnvYTu0sKwwLViPWYY),,,,,,,,,,,,,,,,,,,1,,,1,,,,,,,,,1,,,,,,
Ruby Slippers,sc_87_cone06.jpg (https://v5.airtableusercontent.com/v3/u/45/45/1759183200000/uCdapHMahY-92j3vTgqqGQ/iCNy3lOPE9V_SR7SsZY3orQ0nAtnYIuc92m-x3mgm31oOB9WN6FhrlH_w7oXE6zASMhr08yEAl2kayE7L8V7UHOZHnOy0s9tmLz08TGiFrmSaMS-QKL7o4rvqEZh5U2QFe2G7KXDe_XfFkTQykNqr1RnKk-yaYzG5mqbPGuvUQU/EcCUHGPUKh8DMPWH40QYOp8dJIBLF3tQyeSQWLF4k-I),sc_87_cone06.jpg,https://v5.airtableusercontent.com/v3/u/45/45/1759183200000/uCdapHMahY-92j3vTgqqGQ/iCNy3lOPE9V_SR7SsZY3orQ0nAtnYIuc92m-x3mgm31oOB9WN6FhrlH_w7oXE6zASMhr08yEAl2kayE7L8V7UHOZHnOy0s9tmLz08TGiFrmSaMS-QKL7o4rvqEZh5U2QFe2G7KXDe_XfFkTQykNqr1RnKk-yaYzG5mqbPGuvUQU/EcCUHGPUKh8DMPWH40QYOp8dJIBLF3tQyeSQWLF4k-I),,,,,,,,,,,,,,,,,,,,,,1,,,,,,,,,,,,,,,
Cinnamon Stix,sc_81_cone06.jpg (https://v5.airtableusercontent.com/v3/u/45/45/1759183200000/1fg8aDEhgIDjVgE4EPR_Jw/AjgRHatANOeu47rs7VtOZy3EYjSqHvg2icPg3zvlTuayOsH6l_DAd0MbFk5R_P2aBhkc7n7g7L6bC3oG76huU1BAE4Uq1drFdRO4Kq8Beln9yCdtUzpR61EjeYTGOAJOXWzGnaoHm5h8zsRQV55U4OlFe3HfUw17MhFFFGkuXTs/73w4ryjYZxFuNLIU_VtVmlSeOGuRU4YM5hIfqp_9dZk),sc_81_cone06.jpg,https://v5.airtableusercontent.com/v3/u/45/45/1759183200000/1fg8aDEhgIDjVgE4EPR_Jw/AjgRHatANOeu47rs7VtOZy3EYjSqHvg2icPg3zvlTuayOsH6l_DAd0MbFk5R_P2aBhkc7n7g7L6bC3oG76huU1BAE4Uq1drFdRO4Kq8Beln9yCdtUzpR61EjeYTGOAJOXWzGnaoHm5h8zsRQV55U4OlFe3HfUw17MhFFFGkuXTs/73w4ryjYZxFuNLIU_VtVmlSeOGuRU4YM5hIfqp_9dZk),,,,,,,,,,,,,,,,,,,,,1,1,,,,,,,,,,,,,,,
Pink-A-Boo,sc_1_cone06.jpg (https://v5.airtableusercontent.com/v3/u/45/45/1759183200000/d7SEmVzGG9sok91NwXe3cw/8cY1YYCOBLSRw5sPw93u0rIa0wzWmyvJubyXFC8QDw9hg0QKv4NUCat5XyvJEhgpwzmku4YwtH5rG120ku6l1Mag-u7ggcKUVPTy26Qoa-j_TyClxMhnBYJp1itJACmXEwINlJCbiFVNTcYcZY0Gx_SYJBvrLIpH2vNmi2MJSXM/0h4JHyproFc_xMtLnhbycSy-K3a_hxJEmG0oNfgvzfY),sc_1_cone06.jpg,https://v5.airtableusercontent.com/v3/u/45/45/1759183200000/d7SEmVzGG9sok91NwXe3cw/8cY1YYCOBLSRw5sPw93u0rIa0wzWmyvJubyXFC8QDw9hg0QKv4NUCat5XyvJEhgpwzmku4YwtH5rG120ku6l1Mag-u7ggcKUVPTy26Qoa-j_TyClxMhnBYJp1itJACmXEwINlJCbiFVNTcYcZY0Gx_SYJBvrLIpH2vNmi2MJSXM/0h4JHyproFc_xMtLnhbycSy-K3a_hxJEmG0oNfgvzfY),,,,,,,,,,,,,1,1,1,,,,,1,,1,,,,,,,,,,1,,,,,
Makin Me Blush,sc_100_cone06.jpg (https://v5.airtableusercontent.com/v3/u/45/45/1759183200000/asxcYZQNKyNebwTw_E_fJA/qXmPlyhFluY1TpeKCMZiaxIEdl9UN2KooOTw24_jn31dYm12DwnW5TGtyK6LeQC-U57SpzRB97yT-3PhOJGKdycFp119R-sNeq41AhwUKkFVb8S49w0w6UbrWjV-zVpa0JZ5876qB2Hw4yKL6wWOyRSnBCEuL5HNir42oRoLixc/Z1HPY9usJtPKCepfV8gYvix1xRuoYw5RZBJr1ZgH80g),sc_100_cone06.jpg,https://v5.airtableusercontent.com/v3/u/45/45/1759183200000/asxcYZQNKyNebwTw_E_fJA/qXmPlyhFluY1TpeKCMZiaxIEdl9UN2KooOTw24_jn31dYm12DwnW5TGtyK6LeQC-U57SpzRB97yT-3PhOJGKdycFp119R-sNeq41AhwUKkFVb8S49w0w6UbrWjV-zVpa0JZ5876qB2Hw4yKL6wWOyRSnBCEuL5HNir42oRoLixc/Z1HPY9usJtPKCepfV8gYvix1xRuoYw5RZBJr1ZgH80g),,1,,,,,,,1,1,,1,1,,,,1,,,1,1,1,1,,,1,,,,,,,,,,,
Pink-A-Dot,sc_70_cone06.jpg (https://v5.airtableusercontent.com/v3/u/45/45/1759183200000/uKdWBPzFRDED3nKVzUjCFw/vEr-A1-dPCwF6faQE6Mle0hfuxV4u6PaI9rrxMv0-dSJcAeZ5zrCOuxzVOeJ7r_6kLr88mrdscqsysj4_-vZHyYXzWLE4ISWlYw6D0bTEKXLbFR2BJiwFG8nOhRfAm4wGZi8JD2930wy0ST6uRxxuORKGpvGJXrdyWS4hzHEt0U/qwcQSoUiXe1sfom4dAf5zvjoyLlEp0NFoVTlVXyM60Y),sc_70_cone06.jpg,https://v5.airtableusercontent.com/v3/u/45/45/1759183200000/uKdWBPzFRDED3nKVzUjCFw/vEr-A1-dPCwF6faQE6Mle0hfuxV4u6PaI9rrxMv0-dSJcAeZ5zrCOuxzVOeJ7r_6kLr88mrdscqsysj4_-vZHyYXzWLE4ISWlYw6D0bTEKXLbFR2BJiwFG8nOhRfAm4wGZi8JD2930wy0ST6uRxxuORKGpvGJXrdyWS4hzHEt0U/qwcQSoUiXe1sfom4dAf5zvjoyLlEp0NFoVTlVXyM60Y),,,,,,,,,,1,,,,,1,,1,,,1,1,,,,,,1,,,,,,,,,,
Pinkie Swear,sc_95_cone06.jpg (https://v5.airtableusercontent.com/v3/u/45/45/1759183200000/ktRbRuYOAigVI58uK7lbKg/tm_f3B--T5c7Td3VJlOB1aG59hlrHU-QMIzhoCh4Z3el0MtC0_43KFbRVGbWKq3tBr12hrY-lCflgmRbTZ7_J3R5BmxxF055T8B1N67MEvCs3ak0oN8x14k4Z--cCTOsz4wjDFeqp4GGiF20yMxiMOx9DFbuiYtsbPB4ixjQ62s/o2sO5cY9JxsMhwQKia4hwy61inzZjrtldfPOVpKpb98),sc_95_cone06.jpg,https://v5.airtableusercontent.com/v3/u/45/45/1759183200000/ktRbRuYOAigVI58uK7lbKg/tm_f3B--T5c7Td3VJlOB1aG59hlrHU-QMIzhoCh4Z3el0MtC0_43KFbRVGbWKq3tBr12hrY-lCflgmRbTZ7_J3R5BmxxF055T8B1N67MEvCs3ak0oN8x14k4Z--cCTOsz4wjDFeqp4GGiF20yMxiMOx9DFbuiYtsbPB4ixjQ62s/o2sO5cY9JxsMhwQKia4hwy61inzZjrtldfPOVpKpb98),,,,,,,,,1,,,1,,,,,1,,,1,1,,,,,,,,,,,,,,,,
Cheeky Pinky,sc_17_cone06.jpg (https://v5.airtableusercontent.com/v3/u/45/45/1759183200000/77w6oAgFBLBUUZ4YYbXRxg/SmYSkqZzekMwBXmKaD8p3iyw9t0amJEGMf1fEaC41H7K0ZW0y8q-h_9QJaban73p5omGNyqGJOYjTH1nzz9Z0_eJ21QRdxd8RDBjyeMuCzymjfy-JZvW1K8Ob1v63LAAzvIj_501jZwY2MqsJ2EPZWAO3f6om8LNmp7NDYUMNlQ/jsJunmE-2IIju2GDibxGYy2ty5vLd4j3A8pCdt4Xrew),sc_17_cone06.jpg,https://v5.airtableusercontent.com/v3/u/45/45/1759183200000/77w6oAgFBLBUUZ4YYbXRxg/SmYSkqZzekMwBXmKaD8p3iyw9t0amJEGMf1fEaC41H7K0ZW0y8q-h_9QJaban73p5omGNyqGJOYjTH1nzz9Z0_eJ21QRdxd8RDBjyeMuCzymjfy-JZvW1K8Ob1v63LAAzvIj_501jZwY2MqsJ2EPZWAO3f6om8LNmp7NDYUMNlQ/jsJunmE-2IIju2GDibxGYy2ty5vLd4j3A8pCdt4Xrew),,,,,,,,,,,,,,,,,,1,1,1,1,1,,,,,1,,,,,,1,,,,
Rosey Posey,sc_18_cone06.jpg (https://v5.airtableusercontent.com/v3/u/45/45/1759183200000/vYEKhC8uxGguTGdN5mrKJA/aBjhdFP_aC9JVwt5aUgrxX8xrTi6WCTal49anxinmw3VOAzswfjsOHOiXnyizNmKrIS5aBkvqBhjcB5jQWxcWPQiVbivU2i87tQMvIoNN7Ye_YchLJCrGAvz97tOqBG_7Kapajf4mkYHqeJZM1z2sISQtK1mZoEN-WuvRnLaFBM/qqixs5joA9_iEh4xuUWBR_CoEdz0WHkX9eyPfNN5cXE),sc_18_cone06.jpg,https://v5.airtableusercontent.com/v3/u/45/45/1759183200000/vYEKhC8uxGguTGdN5mrKJA/aBjhdFP_aC9JVwt5aUgrxX8xrTi6WCTal49anxinmw3VOAzswfjsOHOiXnyizNmKrIS5aBkvqBhjcB5jQWxcWPQiVbivU2i87tQMvIoNN7Ye_YchLJCrGAvz97tOqBG_7Kapajf4mkYHqeJZM1z2sISQtK1mZoEN-WuvRnLaFBM/qqixs5joA9_iEh4xuUWBR_CoEdz0WHkX9eyPfNN5cXE),,,,,,,,1,,,1,1,,1,,,,,1,1,1,,,,,,,,,,,,,,,,
Wine About It,sc_3_cone06.jpg (https://v5.airtableusercontent.com/v3/u/45/45/1759183200000/YoGo5RxLYZht6C_9Rx_mVQ/1lSoZ3HgxN7a2xPWotw0tBqR-N8OK_Zi7aCmtTb_rJ_INmXutiWI4o9hd-eW3wv1ebEqiurc7AnuI0NTMyydJ0TDvrjao0ZVcL29r3LiMt1y8qh0Ht8XhNq0QirIMUMdz0u9BPOHswkIKiNhTQEaJpeFa0SoRtTSQwRKFMmG6DE/cpQc2_m18eTW1MhgvLwYbdL7mQWtW9gcb4NBRfOT6Ds),sc_3_cone06.jpg,https://v5.airtableusercontent.com/v3/u/45/45/1759183200000/YoGo5RxLYZht6C_9Rx_mVQ/1lSoZ3HgxN7a2xPWotw0tBqR-N8OK_Zi7aCmtTb_rJ_INmXutiWI4o9hd-eW3wv1ebEqiurc7AnuI0NTMyydJ0TDvrjao0ZVcL29r3LiMt1y8qh0Ht8XhNq0QirIMUMdz0u9BPOHswkIKiNhTQEaJpeFa0SoRtTSQwRKFMmG6DE/cpQc2_m18eTW1MhgvLwYbdL7mQWtW9gcb4NBRfOT6Ds),,,,,,,,,,1,1,,,1,,,,,,,,1,,,,,,,,,,,,,,,
Blueberry Hill,sc_40_cone06.jpg (https://v5.airtableusercontent.com/v3/u/45/45/1759183200000/Y3y3c3Jlsp4DjqJlZW_uOQ/rNIi-NmFY1Vc4wZRlOdUucTpkJzfdUOoZKN-kZG2VnitWEXaAURMWvjvNpEc8w1u4yQpwn_hT5LSKcJ_LN0NX8SrWHg9kYEuevu_0_MvwEU6-0rHV9z7Xc3cnDGVtq90NercN7pLlQMuLX2LRBXdmyzuN-59Y9o21FOVucakzp4/M5j2Zcj2QPpkd_aC_L3FOLFT43hmD3_cxdFpgoK-mxM),sc_40_cone06.jpg,https://v5.airtableusercontent.com/v3/u/45/45/1759183200000/Y3y3c3Jlsp4DjqJlZW_uOQ/rNIi-NmFY1Vc4wZRlOdUucTpkJzfdUOoZKN-kZG2VnitWEXaAURMWvjvNpEc8w1u4yQpwn_hT5LSKcJ_LN0NX8SrWHg9kYEuevu_0_MvwEU6-0rHV9z7Xc3cnDGVtq90NercN7pLlQMuLX2LRBXdmyzuN-59Y9o21FOVucakzp4/M5j2Zcj2QPpkd_aC_L3FOLFT43hmD3_cxdFpgoK-mxM),,,,,,,,,,,1,,,,,,,,,,,1,,,,1,,,1,,1,,,,,,
Grapel,sc_13_cone06.jpg (https://v5.airtableusercontent.com/v3/u/45/45/1759183200000/QPTMmAOsgkG31JX_Q57Ezw/l9QJYFBdmkhafq9tHa4F9QKQg9dXxaQj4y9Y4luRKJXjB6nEzOasHAK7-W0OAtY3SqFkBOaRsYlJe9ehF2VYpQoRW7mQzQJeJZe_pyz4JOGCBu70h_ZHixUcWVlshJuDWpJvqjYi9aJMc03qq41-liA0hV-yXhQ04eQ1d-zRRJ8/_Ghr2LsrKROQTbQZiTrPx3PtNx37CRarLkbkM-bhJQk),sc_13_cone06.jpg,https://v5.airtableusercontent.com/v3/u/45/45/1759183200000/QPTMmAOsgkG31JX_Q57Ezw/l9QJYFBdmkhafq9tHa4F9QKQg9dXxaQj4y9Y4luRKJXjB6nEzOasHAK7-W0OAtY3SqFkBOaRsYlJe9ehF2VYpQoRW7mQzQJeJZe_pyz4JOGCBu70h_ZHixUcWVlshJuDWpJvqjYi9aJMc03qq41-liA0hV-yXhQ04eQ1d-zRRJ8/_Ghr2LsrKROQTbQZiTrPx3PtNx37CRarLkbkM-bhJQk),,,,,,,,,,,,,,,1,,,1,1,1,1,,,,,1,,,,1,,,,,,,1
Orkid,sc_85_cone06.jpg (https://v5.airtableusercontent.com/v3/u/45/45/1759183200000/yB0rqyM24BiBYXc3ABQATg/zZp361xOM2nleto1-XYo4abw789xeRx91RFTIeDEjE9AhJ3S6UOD7Do8SkUSDd4e8oaA6uNn7I18q680bzqmmY74HPQCkVseRrvjP7rr-indNo3u84_9U-RRgAcmOgSz67cfGl4yibY6GxzEuiRxhXkpPU5yKDHVixSTlCfJVW0/Ivy7meRlfteam7fNzQRG-g2Q44Td-FgHd33k0x_04fI),sc_85_cone06.jpg,https://v5.airtableusercontent.com/v3/u/45/45/1759183200000/yB0rqyM24BiBYXc3ABQATg/zZp361xOM2nleto1-XYo4abw789xeRx91RFTIeDEjE9AhJ3S6UOD7Do8SkUSDd4e8oaA6uNn7I18q680bzqmmY74HPQCkVseRrvjP7rr-indNo3u84_9U-RRgAcmOgSz67cfGl4yibY6GxzEuiRxhXkpPU5yKDHVixSTlCfJVW0/Ivy7meRlfteam7fNzQRG-g2Q44Td-FgHd33k0x_04fI),,1,,,,,,,,,,,,,1,,,,1,1,1,,,1,1,,1,1,,,,,,,,,
Lavendear,sc_103_cone06.jpg (https://v5.airtableusercontent.com/v3/u/45/45/1759183200000/MCk0AGsaJp8W0hftg2axFg/Qno-nIItKIlj_cCf08ZWuZIeEE1MSGUvseb6V9yh2LbDn2FyQeec4BYmp0sLSiPCF9X5CbS4bqTCW-fWwa31TnNzCrAC7Lk9rYkIYAvHR2iDDRYBFdtbnSlZr6s5Fe6Hj2NkMAzGzMctskW0vYoqTZ7dKredPqIldIFBHFEVLeQ/SKBwsMAK9_FQTO9eQKe-UIPVueFH9TSkVzWy0YkDIkc),sc_103_cone06.jpg,https://v5.airtableusercontent.com/v3/u/45/45/1759183200000/MCk0AGsaJp8W0hftg2axFg/Qno-nIItKIlj_cCf08ZWuZIeEE1MSGUvseb6V9yh2LbDn2FyQeec4BYmp0sLSiPCF9X5CbS4bqTCW-fWwa31TnNzCrAC7Lk9rYkIYAvHR2iDDRYBFdtbnSlZr6s5Fe6Hj2NkMAzGzMctskW0vYoqTZ7dKredPqIldIFBHFEVLeQ/SKBwsMAK9_FQTO9eQKe-UIPVueFH9TSkVzWy0YkDIkc),,,,,,,,,,,,,,,,,,,,,,,1,1,1,,1,1,,,1,1,,,,,
Purple Haze,sc_53_cone06.jpg (https://v5.airtableusercontent.com/v3/u/45/45/1759183200000/ty1lQWXSSeSCewoP_5oO7g/cTXwxa3tUJ12Mizp4bTMAMuK95GdA-MEhDY9mYH1s6bBEbXTBpUsoLp48HBOaJsajLlWhNEv6Eyq97T2xoRrh4ruAqPjXZGZQZbpDxqk0aexgU0_hYMqktSK9wjhVtoWJ8lbjj-SykznrJuydVXArmr4VuMwp9shMxzBXJZ7HE0/yjI1AinpqYa4DkrwEHnm3C8tNGkeWdTeyjN7vYLdKMo),sc_53_cone06.jpg,https://v5.airtableusercontent.com/v3/u/45/45/1759183200000/ty1lQWXSSeSCewoP_5oO7g/cTXwxa3tUJ12Mizp4bTMAMuK95GdA-MEhDY9mYH1s6bBEbXTBpUsoLp48HBOaJsajLlWhNEv6Eyq97T2xoRrh4ruAqPjXZGZQZbpDxqk0aexgU0_hYMqktSK9wjhVtoWJ8lbjj-SykznrJuydVXArmr4VuMwp9shMxzBXJZ7HE0/yjI1AinpqYa4DkrwEHnm3C8tNGkeWdTeyjN7vYLdKMo),,,,,,,,,,,,,,,,,,,,,1,,1,1,1,,1,1,1,1,,,1,,,,
Grape Jelly,sc_72_cone06.jpg (https://v5.airtableusercontent.com/v3/u/45/45/1759183200000/ThLekkSdrGVXr8kpJAMMug/1HSgVhe-k66Bb5I0gCOdbsTJ_nvRyhVnRDPiyjEokLpk7aVid1lXuiv9JPAMOZbNIy-wxQA2mTAjrCxsAKI44e5djjN4q7IiucYVkYE0H3oXKkM2UvYatKsVgJ3hiB4UARW6yfmkPx2UY5lDa_tNjIEXwx8-OTbRMoh8asdV6M0/3_2JXTUenrLmg0Duak-dqqmIPzLNWKIPAV6sJz7Un4o),sc_72_cone06.jpg,https://v5.airtableusercontent.com/v3/u/45/45/1759183200000/ThLekkSdrGVXr8kpJAMMug/1HSgVhe-k66Bb5I0gCOdbsTJ_nvRyhVnRDPiyjEokLpk7aVid1lXuiv9JPAMOZbNIy-wxQA2mTAjrCxsAKI44e5djjN4q7IiucYVkYE0H3oXKkM2UvYatKsVgJ3hiB4UARW6yfmkPx2UY5lDa_tNjIEXwx8-OTbRMoh8asdV6M0/3_2JXTUenrLmg0Duak-dqqmIPzLNWKIPAV6sJz7Un4o),,,,,,,,,,,,,,,,,,,,,,,1,,1,,1,,,,,,,,,,1
Purple-Licious,sc_71_cone06.jpg (https://v5.airtableusercontent.com/v3/u/45/45/1759183200000/ayMXKE866O48JiL8NAELvA/0mXoBpBTia1HOy7UFk9u8Dy1F2UOzhPF_a6ovJwz9I-wl_hoHNmdRJbPaMYrxNgprZ2sgFK3eU0OVXEU0146bqm-JvBZDsZ9kzqXuhC9ZU4pVxA9TsEcwlRXtivCtP8U9zDwlC4ZRB8BauVPvCNRRlWYX6Bd0eBD7xcS0TxOCsI/YJCb5EcR2qky5x3Rtmd7diX8R9ZTXFucRstSK0cCGNM),sc_71_cone06.jpg,https://v5.airtableusercontent.com/v3/u/45/45/1759183200000/ayMXKE866O48JiL8NAELvA/0mXoBpBTia1HOy7UFk9u8Dy1F2UOzhPF_a6ovJwz9I-wl_hoHNmdRJbPaMYrxNgprZ2sgFK3eU0OVXEU0146bqm-JvBZDsZ9kzqXuhC9ZU4pVxA9TsEcwlRXtivCtP8U9zDwlC4ZRB8BauVPvCNRRlWYX6Bd0eBD7xcS0TxOCsI/YJCb5EcR2qky5x3Rtmd7diX8R9ZTXFucRstSK0cCGNM),,,,,,,,,,,,,,,,,,,,,,,,,,1,,,,,,,,,1,,
Fruit Of The Vine,sc_33_cone06.jpg (https://v5.airtableusercontent.com/v3/u/45/45/1759183200000/1WboMoInpyRWpiH2FjDmng/iN6UnFSvq5lshCzInHqTGmoV1AacpcJFHrrtedjD43-cC0Xr-E22ggQaYVFIvDyUCKTiyvyDJK7N5aLJGmeb405fUtCvrDn33xt1u2-n2RFtD_fuyOErPNWWRvaZMJx5clOvJIBjm2SRCFXPhYWDZHpzjLsI_AlI95NZV3Iv3QE/7qzEG8CL56aW9K9Th_AmAqsnqEjR2xl98pl0YWWdS48),sc_33_cone06.jpg,https://v5.airtableusercontent.com/v3/u/45/45/1759183200000/1WboMoInpyRWpiH2FjDmng/iN6UnFSvq5lshCzInHqTGmoV1AacpcJFHrrtedjD43-cC0Xr-E22ggQaYVFIvDyUCKTiyvyDJK7N5aLJGmeb405fUtCvrDn33xt1u2-n2RFtD_fuyOErPNWWRvaZMJx5clOvJIBjm2SRCFXPhYWDZHpzjLsI_AlI95NZV3Iv3QE/7qzEG8CL56aW9K9Th_AmAqsnqEjR2xl98pl0YWWdS48),,,,,,,,,,,,,,,,,,,,,,,,1,,1,,,,,,,,,,,
Grape Expectations,sc_104_cone06.jpg (https://v5.airtableusercontent.com/v3/u/45/45/1759183200000/OoItSW0vGGW0usk7Q-6jVg/17dQbJvxUiX6fALxyyfVcgA7q3y1mfd1RKNnWrP9xc22Ybk0DYAjbrbho9m_F84BVp0X6ycN62M-B2i_E5fnhPsmmB4O9TdpdBV5vohvOshFTxdgOb9YZ6dPqeS-crrP1Thm4lJnTHP7diYRC_ajY4UiTW29MjD_GaNn2Bwfc84/XKRcmAeAsCuEsUVC8HCaXSPL-WvE0nQHfROQ_jSA6lA),sc_104_cone06.jpg,https://v5.airtableusercontent.com/v3/u/45/45/1759183200000/OoItSW0vGGW0usk7Q-6jVg/17dQbJvxUiX6fALxyyfVcgA7q3y1mfd1RKNnWrP9xc22Ybk0DYAjbrbho9m_F84BVp0X6ycN62M-B2i_E5fnhPsmmB4O9TdpdBV5vohvOshFTxdgOb9YZ6dPqeS-crrP1Thm4lJnTHP7diYRC_ajY4UiTW29MjD_GaNn2Bwfc84/XKRcmAeAsCuEsUVC8HCaXSPL-WvE0nQHfROQ_jSA6lA),,,,,,,,,,,,,,,,,,,,,,1,,1,,1,,,,,1,1,,,,,
My Blue Heaven,sc_45_cone06.jpg (https://v5.airtableusercontent.com/v3/u/45/45/1759183200000/M1fHjLKSbxv0_nueLJZugA/D250mzuQsho07SqbBl2pwa3L7A0mY0R0YtXWaDJk-6xBejohzKZW2Fkc-NfMvMmjmjDJsURmr2D_x_BVqYsc8i4uA3btbZa5DI03Cka5e7c5ivy_i6UnbDH6fIdopFfMBdF20E5-RGDcaUWl_LkXak8dDwe-x2p-GyzzKiBjSOs/Jg1sMb9il93vyCHAGGaJEU7dGZ8DThgrNax0JhW91a8),sc_45_cone06.jpg,https://v5.airtableusercontent.com/v3/u/45/45/1759183200000/M1fHjLKSbxv0_nueLJZugA/D250mzuQsho07SqbBl2pwa3L7A0mY0R0YtXWaDJk-6xBejohzKZW2Fkc-NfMvMmjmjDJsURmr2D_x_BVqYsc8i4uA3btbZa5DI03Cka5e7c5ivy_i6UnbDH6fIdopFfMBdF20E5-RGDcaUWl_LkXak8dDwe-x2p-GyzzKiBjSOs/Jg1sMb9il93vyCHAGGaJEU7dGZ8DThgrNax0JhW91a8),,,,,,,1,,1,1,1,1,,,,,,,,,1,1,,,1,1,,,,,,1,,,1,,
Seabreeze,sc_91_cone06.jpg (https://v5.airtableusercontent.com/v3/u/45/45/1759183200000/bRoFzayJCBw1KLSmuB37og/J-Xn4i1GkOBiSWMVm0_mcRJyhfPr-jI2gjOH5ZND1HPZG7_5dcNY3CSXzyKjlP-6IkSFUr74srhUpEqyjXhiMKmsLB82UncBhybBGS6M6oy3j0kRIK5E83L4wi0UdbpX-sCS3P2aONG-RH2fjZuH6hQBrQx8BoiY2pV_t9vg3NA/Gb2KzzcJxiAjTbtFnfgr05_ERoDhNfml3uqMF_Gf9I8),sc_91_cone06.jpg,https://v5.airtableusercontent.com/v3/u/45/45/1759183200000/bRoFzayJCBw1KLSmuB37og/J-Xn4i1GkOBiSWMVm0_mcRJyhfPr-jI2gjOH5ZND1HPZG7_5dcNY3CSXzyKjlP-6IkSFUr74srhUpEqyjXhiMKmsLB82UncBhybBGS6M6oy3j0kRIK5E83L4wi0UdbpX-sCS3P2aONG-RH2fjZuH6hQBrQx8BoiY2pV_t9vg3NA/Gb2KzzcJxiAjTbtFnfgr05_ERoDhNfml3uqMF_Gf9I8),,,,,,,,1,,,,,,,,,,,,,,1,,,,1,1,,,,,,1,,1,,
Peri-Twinkle,sc_65_cone06.jpg (https://v5.airtableusercontent.com/v3/u/45/45/1759183200000/bXX-pWHD3Y01g09bFBF6Uw/VibNL-fw4HRVwrPxwdqZ-EdvvEkL5Bohpuqnfhq59ciuQjIZAGlqhj44knJExfhZ8BMVd6HRFEx7jRWSySEewIxZnO38qYhBt2GLcgxWoyhT2yBN3ma3c3ArnHVBIJzrPHDbT5hmLhy8nX97WdiQnM6VN5LfvsTFupFu_JBhvRc/_JsZkR7rp09nFFaDyx8RrztJ_sRwB4d_rus9fgAEe24),sc_65_cone06.jpg,https://v5.airtableusercontent.com/v3/u/45/45/1759183200000/bXX-pWHD3Y01g09bFBF6Uw/VibNL-fw4HRVwrPxwdqZ-EdvvEkL5Bohpuqnfhq59ciuQjIZAGlqhj44knJExfhZ8BMVd6HRFEx7jRWSySEewIxZnO38qYhBt2GLcgxWoyhT2yBN3ma3c3ArnHVBIJzrPHDbT5hmLhy8nX97WdiQnM6VN5LfvsTFupFu_JBhvRc/_JsZkR7rp09nFFaDyx8RrztJ_sRwB4d_rus9fgAEe24),,,,,,,,,,,,,1,,1,,,,,,1,,1,,,,1,,,,1,,,1,,,
Blue Dawn,sc_30_cone06.jpg (https://v5.airtableusercontent.com/v3/u/45/45/1759183200000/9JJWCeef8T3O2WYoqGOdug/-gLcGJzUy-3EXAY7SD9EDMT87Z6e8xphSx3zZ-OIlhRGpZJk_WcD2B5wyekF0n3Hdy1R508CIjrYyuYSwXXU0sV4R1xc3RNov7FTuUeTBJF_VMYitb-E1ZJx9jiNl8CDS7RODuJjTy57chRj04EGMNRBs-AXkY7lMGqff06bQN0/r1LdksKtjlmtBK1bdXoyckYKKoFmqWj56UKyJ-qdASQ),sc_30_cone06.jpg,https://v5.airtableusercontent.com/v3/u/45/45/1759183200000/9JJWCeef8T3O2WYoqGOdug/-gLcGJzUy-3EXAY7SD9EDMT87Z6e8xphSx3zZ-OIlhRGpZJk_WcD2B5wyekF0n3Hdy1R508CIjrYyuYSwXXU0sV4R1xc3RNov7FTuUeTBJF_VMYitb-E1ZJx9jiNl8CDS7RODuJjTy57chRj04EGMNRBs-AXkY7lMGqff06bQN0/r1LdksKtjlmtBK1bdXoyckYKKoFmqWj56UKyJ-qdASQ),,,,,,,,1,,,,,,,1,,,,,,1,1,1,1,,,1,1,1,,1,,1,,,,
The Blues,sc_31_cone06.jpg (https://v5.airtableusercontent.com/v3/u/45/45/1759183200000/gh1ILZ-JoSjHZ5Rq9kDMWQ/6N6BcMV9HkX6V8UvYe2whr1B7Q7BDsOO3T1VXwyU3GXkaRcAudAK4w6TD-PROpDNvzRHHHmXH7sNHwaIfZoZQKtipsbT-Cceu5WR-sd4l-6MtIfbqmOztdK-krrADngF5Ip-7F4I2_C77dQz3DlMtAeYKJjIc8EY_uCrcQie170/rjPIfImlOrSi_7GTZcFGmi1cHRQOF_emalw7vSTxAi4),sc_31_cone06.jpg,https://v5.airtableusercontent.com/v3/u/45/45/1759183200000/gh1ILZ-JoSjHZ5Rq9kDMWQ/6N6BcMV9HkX6V8UvYe2whr1B7Q7BDsOO3T1VXwyU3GXkaRcAudAK4w6TD-PROpDNvzRHHHmXH7sNHwaIfZoZQKtipsbT-Cceu5WR-sd4l-6MtIfbqmOztdK-krrADngF5Ip-7F4I2_C77dQz3DlMtAeYKJjIc8EY_uCrcQie170/rjPIfImlOrSi_7GTZcFGmi1cHRQOF_emalw7vSTxAi4),,,,,,,,,,1,1,,,,,,,,,,1,,,,,,,,,1,1,,,,,,
Blue Yonder,sc_11_cone06.jpg (https://v5.airtableusercontent.com/v3/u/45/45/1759183200000/4A0_5_jcsWVLc6ZTNMqpBA/Wuy-V8RokS0dolMKmLmHu6VMcZRwltcSEARasecUsExBUsLwfSBV8UMUBNs7DC-q7qYnnqDrtRJAoBvWuGyrcKgvkTiFDb2zwTngPKhU2ViPr74GjNmjf2Hxe7AkyvzukHvVC21wAnCtOEunuLrEIBl2z0__iaw-33sl7NFtoqs/1YJWahSMkGrUkdFpPbL_Wm1OuvUtTZGu9Mc3oTaDuiM),sc_11_cone06.jpg,https://v5.airtableusercontent.com/v3/u/45/45/1759183200000/4A0_5_jcsWVLc6ZTNMqpBA/Wuy-V8RokS0dolMKmLmHu6VMcZRwltcSEARasecUsExBUsLwfSBV8UMUBNs7DC-q7qYnnqDrtRJAoBvWuGyrcKgvkTiFDb2zwTngPKhU2ViPr74GjNmjf2Hxe7AkyvzukHvVC21wAnCtOEunuLrEIBl2z0__iaw-33sl7NFtoqs/1YJWahSMkGrUkdFpPbL_Wm1OuvUtTZGu9Mc3oTaDuiM),,,,,,,,,1,1,,,,,,,,,,,1,,,,,,,,,,,,,,,,
501 Blues,sc_58_cone06.jpg (https://v5.airtableusercontent.com/v3/u/45/45/1759183200000/WM3qe6Prw5r1Lwr7Yki3Ew/TVAn-KJG97DElaf3ClILZKc21b2VgMb22FNTnhz5U_AW5J957aDo5darvTFuvVhzhso9U15OBwOCjGobPPUNQGzMr2fZhUNhcZjgMtcDkbMtvx4pBbOHnN9qYmj1TA7H2PrTvUwfbjiwYTLAqTIuxJcl0NYH1tFUQ2gX2uMTikQ/CPbUTXY5uxM6ubaQ4j_RWs5A7DTdgNCw4Blk_Irn22E),sc_58_cone06.jpg,https://v5.airtableusercontent.com/v3/u/45/45/1759183200000/WM3qe6Prw5r1Lwr7Yki3Ew/TVAn-KJG97DElaf3ClILZKc21b2VgMb22FNTnhz5U_AW5J957aDo5darvTFuvVhzhso9U15OBwOCjGobPPUNQGzMr2fZhUNhcZjgMtcDkbMtvx4pBbOHnN9qYmj1TA7H2PrTvUwfbjiwYTLAqTIuxJcl0NYH1tFUQ2gX2uMTikQ/CPbUTXY5uxM6ubaQ4j_RWs5A7DTdgNCw4Blk_Irn22E),,,,,,,,,,,,1,,,,,,,,,,1,,,,,,1,,,1,1,,,,,
Cara-bein Blue,sc_76_cone06.jpg (https://v5.airtableusercontent.com/v3/u/45/45/1759183200000/8uFDlYbfh4w3JfAwGu-Z7w/Pwps654Hshp8zMrfoDPlgwpw9C2ncTEM4Cr4x4MgleT0MiKa-csgvJtzXp5C6JOaZv6m7uUhDAsY7Zq9NGK5xL6Fbu-9C6iWfA_Cp5mRuHyJurDEj4Op59Zh6FhF_QcJtG1mKjfOeXqE0WoDZPMNW4EUTji0Xc4sGcl8AX8h1HM/WYeBmHByyl1SFC4Tun7juOYcraK4BZgFq4_nYLBMgYk),sc_76_cone06.jpg,https://v5.airtableusercontent.com/v3/u/45/45/1759183200000/8uFDlYbfh4w3JfAwGu-Z7w/Pwps654Hshp8zMrfoDPlgwpw9C2ncTEM4Cr4x4MgleT0MiKa-csgvJtzXp5C6JOaZv6m7uUhDAsY7Zq9NGK5xL6Fbu-9C6iWfA_Cp5mRuHyJurDEj4Op59Zh6FhF_QcJtG1mKjfOeXqE0WoDZPMNW4EUTji0Xc4sGcl8AX8h1HM/WYeBmHByyl1SFC4Tun7juOYcraK4BZgFq4_nYLBMgYk),,,,,,,,,,1,,,,,,,,,,,,,1,,,,,,,1,,,,,,,
Moody Blue,sc_12_cone06.jpg (https://v5.airtableusercontent.com/v3/u/45/45/1759183200000/KncKi2SYwCUhut9ACNVz1Q/Bi7VpZ0N7Yd0ummviNhvaXx31iRdx8Z35HQQeKRr_8OCbAqiAvOubZWOgHGb6RLQgivy15qDDOLTiJrkx8xzRNlxG058ttyagzdn8Q06xCDHZO2bAn-hDQU8DaA1-rCaqX6WifA0NEp-moaVrZJ0bugn7ZwhFfqYi6e_L8xeYhE/yy2PKkO0A5TIWly-paw--g9KpFdwWltyRK1br73cO64),sc_12_cone06.jpg,https://v5.airtableusercontent.com/v3/u/45/45/1759183200000/KncKi2SYwCUhut9ACNVz1Q/Bi7VpZ0N7Yd0ummviNhvaXx31iRdx8Z35HQQeKRr_8OCbAqiAvOubZWOgHGb6RLQgivy15qDDOLTiJrkx8xzRNlxG058ttyagzdn8Q06xCDHZO2bAn-hDQU8DaA1-rCaqX6WifA0NEp-moaVrZJ0bugn7ZwhFfqYi6e_L8xeYhE/yy2PKkO0A5TIWly-paw--g9KpFdwWltyRK1br73cO64),,,,,,,,,,,,,,1,,,,,,,,,,,,,,,,,,,,,,,
Aqu-ward,sc_96_cone06.jpg (https://v5.airtableusercontent.com/v3/u/45/45/1759183200000/HthKe3u5I1DHq_lW-U1DZw/eJSVOmSDjnwkoWFNUUikRn_ADXEoh---T43ejmnJ8qFn-BRbxjGRrdCxRvJiyVRYjOvf9U2MTUlODOLua-fmffiRf3kOD3sN8luuaZCuo2rEyhX1bRRthGzTxB88zVWCpKqm4i2fJ9phLy2eHbJxnEKU4ZdjchfVmHWD-NmQgVc/2h8LK12r3GOnn8z-fQ58ULLBlOjYYTw2aN9SGc00AyI),sc_96_cone06.jpg,https://v5.airtableusercontent.com/v3/u/45/45/1759183200000/HthKe3u5I1DHq_lW-U1DZw/eJSVOmSDjnwkoWFNUUikRn_ADXEoh---T43ejmnJ8qFn-BRbxjGRrdCxRvJiyVRYjOvf9U2MTUlODOLua-fmffiRf3kOD3sN8luuaZCuo2rEyhX1bRRthGzTxB88zVWCpKqm4i2fJ9phLy2eHbJxnEKU4ZdjchfVmHWD-NmQgVc/2h8LK12r3GOnn8z-fQ58ULLBlOjYYTw2aN9SGc00AyI),,,,1,,,1,1,1,1,,,1,,,,,,,,,1,,,,,,,,,,,,1,,,1
Spruce It Up,sc_101_cone06.jpg (https://v5.airtableusercontent.com/v3/u/45/45/1759183200000/IBvTTE_tL7LTItXgbY6-uQ/nqfTnzZXnrvryFSYbAfgKUihNCD4-rCjNfhbmiVVG6BH57rLbrRcZZgybYF6WI8PKMRMp_KSKvbX1SsHfW1bF-SI1EWxDJ1rG7bk3kt7z1LJ_5swbGSOnMIXB-GIAgGSk5FA13oobxkG_SHr4ISiO5goocWtWZ0alYnbFaEEt9Y/lz7n0InANz9u_XmoetAH1BQBkgjAKbV3iYLyY6bZ160),sc_101_cone06.jpg,https://v5.airtableusercontent.com/v3/u/45/45/1759183200000/IBvTTE_tL7LTItXgbY6-uQ/nqfTnzZXnrvryFSYbAfgKUihNCD4-rCjNfhbmiVVG6BH57rLbrRcZZgybYF6WI8PKMRMp_KSKvbX1SsHfW1bF-SI1EWxDJ1rG7bk3kt7z1LJ_5swbGSOnMIXB-GIAgGSk5FA13oobxkG_SHr4ISiO5goocWtWZ0alYnbFaEEt9Y/lz7n0InANz9u_XmoetAH1BQBkgjAKbV3iYLyY6bZ160),,,,,,,,,,,1,1,,1,,,,,,,,1,,,,,,,,,,,,1,,,
Jaded,sc_9_cone06.jpg (https://v5.airtableusercontent.com/v3/u/45/45/1759183200000/1SF4mDbFlycSKtK0xzeRCw/qdJu4feLhGtdkS7X58Ykwy54vD0IYAMwDW2lo197HnELYFv-sU2fSclmX-0jlybuMoaZDn_4eXjHCIPTq0YLYvN9kBVjNADZjJA9WHRbtWVUUkH40kJfvfFCc7cSM7NMZ63fMMguxFIK6VyyGUYwM6FdmHVDEGARdNWJLItmxyo/rtGsNCxQ8uqPFIieNip_oqxr0CD2BSrReTrzywFsHd0),sc_9_cone06.jpg,https://v5.airtableusercontent.com/v3/u/45/45/1759183200000/1SF4mDbFlycSKtK0xzeRCw/qdJu4feLhGtdkS7X58Ykwy54vD0IYAMwDW2lo197HnELYFv-sU2fSclmX-0jlybuMoaZDn_4eXjHCIPTq0YLYvN9kBVjNADZjJA9WHRbtWVUUkH40kJfvfFCc7cSM7NMZ63fMMguxFIK6VyyGUYwM6FdmHVDEGARdNWJLItmxyo/rtGsNCxQ8uqPFIieNip_oqxr0CD2BSrReTrzywFsHd0),,,,1,,,1,1,1,,,,,1,,,1,,1,,,1,,1,,,,,,,,,,1,,1,
Blue Isle,sc_28_cone06.jpg (https://v5.airtableusercontent.com/v3/u/45/45/1759183200000/7etxkyrubzar9k_icwqQ_A/BfNqXEcJshzsUgxKkM1LVKEOCfubKhrcPvDtrEWArwMSJOMPzK4jsX7NYhXAsryR0CL8yhpmdcHFKRFt2UjtjJM_ixMv0kntl_Le28ZILQ-n67xhvjwQ3Z_0Onu_6TTTFqAUUmbx9PUFVp56NuHoYufJzGzPuX6M8ZtfEYaYUcM/mA6JGus5Sd5f5xIyriLUm4utBkdxg4vO2vJEoI2zeiM),sc_28_cone06.jpg,https://v5.airtableusercontent.com/v3/u/45/45/1759183200000/7etxkyrubzar9k_icwqQ_A/BfNqXEcJshzsUgxKkM1LVKEOCfubKhrcPvDtrEWArwMSJOMPzK4jsX7NYhXAsryR0CL8yhpmdcHFKRFt2UjtjJM_ixMv0kntl_Le28ZILQ-n67xhvjwQ3Z_0Onu_6TTTFqAUUmbx9PUFVp56NuHoYufJzGzPuX6M8ZtfEYaYUcM/mA6JGus5Sd5f5xIyriLUm4utBkdxg4vO2vJEoI2zeiM),,,,,,,,1,1,1,,1,1,,1,,,1,,1,1,1,1,1,,,,,,,,,1,1,,,
Teal Next Time,sc_10_cone06.jpg (https://v5.airtableusercontent.com/v3/u/45/45/1759183200000/jvg1wu-DnLPHQhZg7kcsww/IIKUHI3MWxCg7TpfqK_yr4apomIT4rclHmbLzl2GQTebR9Qrg48gu0fLhjmH3sRtZ5fXD0kIe_ZM1azcrnz6N8piEDnX0YVg6Pik34TSpvn_is6GXlBp-udvNrlSD95oDvQTlRyKufrEQIWxTmtT7RcD1zqFOIrq5BygQgN_bbg/Ilyu3I4nuorHxtgbF7D2Z50RZiFwOZhi1EEl23Zbzz8),sc_10_cone06.jpg,https://v5.airtableusercontent.com/v3/u/45/45/1759183200000/jvg1wu-DnLPHQhZg7kcsww/IIKUHI3MWxCg7TpfqK_yr4apomIT4rclHmbLzl2GQTebR9Qrg48gu0fLhjmH3sRtZ5fXD0kIe_ZM1azcrnz6N8piEDnX0YVg6Pik34TSpvn_is6GXlBp-udvNrlSD95oDvQTlRyKufrEQIWxTmtT7RcD1zqFOIrq5BygQgN_bbg/Ilyu3I4nuorHxtgbF7D2Z50RZiFwOZhi1EEl23Zbzz8),,1,1,,,,1,1,1,1,1,1,,1,,,,,1,1,,1,,1,,,,,,,,,,,,1,1
Blue Grass,sc_29_cone06.jpg (https://v5.airtableusercontent.com/v3/u/45/45/1759183200000/EqRXKS7aNt78unraDu7SbQ/dLxJg1cRLM5VE6BGOjx-abegPc0-QYRSLfq31Uapu1eZfzDMrd4sr2edfItVDcBtt7EbFn4egtY90m_EIu7O9HkbOzekhUG6gSB7YJRIJrlMv2Nsxj4Y3cgOXG7Ch4Tlu-RS5CBwOYMRdMkTlo3pfD0lVGsOTGZfxY_hQiiuqZ8/C0CfUTY77eoqGi2DmtQsNekt9FqbtEydS12wuUF1RVQ),sc_29_cone06.jpg,https://v5.airtableusercontent.com/v3/u/45/45/1759183200000/EqRXKS7aNt78unraDu7SbQ/dLxJg1cRLM5VE6BGOjx-abegPc0-QYRSLfq31Uapu1eZfzDMrd4sr2edfItVDcBtt7EbFn4egtY90m_EIu7O9HkbOzekhUG6gSB7YJRIJrlMv2Nsxj4Y3cgOXG7Ch4Tlu-RS5CBwOYMRdMkTlo3pfD0lVGsOTGZfxY_hQiiuqZ8/C0CfUTY77eoqGi2DmtQsNekt9FqbtEydS12wuUF1RVQ),,,,,,,,,,1,,1,,,,,1,,,,,1,,,1,1,1,,,,,,,,,,
Bluebeard,sc_32_cone06.jpg (https://v5.airtableusercontent.com/v3/u/45/45/1759183200000/rsmDfptXF1D1_okXI9ov2g/Xa3M9WR4MXOM1LaIFeO3b9XHX5vXdStV2cve05PTID7fSZh3pYwseBmIgLA60iuZi-lrNLcq-PFSKF02fNFg0szbpTZmZiM-iCPyNP36gvqHZbc-nNP8VCcjivC9apXv0DYfIggliDQRcHLkQCTx5FBGhTF4REMGREJPbel2TW8/KbJ2rH45MdA3-qSo1y_-_6h2Psdno6b12fhnpEdVneI),sc_32_cone06.jpg,https://v5.airtableusercontent.com/v3/u/45/45/1759183200000/rsmDfptXF1D1_okXI9ov2g/Xa3M9WR4MXOM1LaIFeO3b9XHX5vXdStV2cve05PTID7fSZh3pYwseBmIgLA60iuZi-lrNLcq-PFSKF02fNFg0szbpTZmZiM-iCPyNP36gvqHZbc-nNP8VCcjivC9apXv0DYfIggliDQRcHLkQCTx5FBGhTF4REMGREJPbel2TW8/KbJ2rH45MdA3-qSo1y_-_6h2Psdno6b12fhnpEdVneI),,,,,,,,,,,,,,,,,,,,,,,,,,,,,,,,1,,,,,
Honeydew List,sc_93_cone06.jpg (https://v5.airtableusercontent.com/v3/u/45/45/1759183200000/zJZIbEr8psVaDZAIZ7I7Bw/EjVxv-KVceX4AR0moTS3BBX6CPcVzh7flkp0dlU0iRlbecyp5HxGvt4qP2dnBkNFbR-zNqRp0qE_gcS7FcKw6ouf_lvlTFwTLUMGGLrZwhkeNMU0KQ9if5D-aq-zS08sHLOGBqj3JRDgvl8PcMoQRI-1yMBIvHIBH1ZEYc_vVrs/aZZcxoDNrz_pchaf-Q2PMOGqmWmosEOKEnKRnQ8M2s8),sc_93_cone06.jpg,https://v5.airtableusercontent.com/v3/u/45/45/1759183200000/zJZIbEr8psVaDZAIZ7I7Bw/EjVxv-KVceX4AR0moTS3BBX6CPcVzh7flkp0dlU0iRlbecyp5HxGvt4qP2dnBkNFbR-zNqRp0qE_gcS7FcKw6ouf_lvlTFwTLUMGGLrZwhkeNMU0KQ9if5D-aq-zS08sHLOGBqj3JRDgvl8PcMoQRI-1yMBIvHIBH1ZEYc_vVrs/aZZcxoDNrz_pchaf-Q2PMOGqmWmosEOKEnKRnQ8M2s8),,,,,,1,1,,1,1,1,,,,,,,,,,1,1,,,1,1,,,,,,,,,,1,
Lettuce Alone,sc_43_cone06.jpg (https://v5.airtableusercontent.com/v3/u/45/45/1759183200000/-FULZkBKm06HF8nKfmgpHA/5iMuaHRHuFGIpCgmRfOJxfy40BTl5X0qAxub4sIu8_S4Fdb4SQrN2x1VitHs5xwuLwdzu-5nPMkwYGz_ijSTfsutrb1o12uo2Dn_KM1Y_R6S3f6uThjzIZfwsTCpOc_8o0sl_t9CT9smyv-G_dLIpfYABCWam7drbn_hSAkrb9k/3Z6xxdCSxfxpPPHDG4rP8rmtEc-FQ8M-3r71voCEPc0),sc_43_cone06.jpg,https://v5.airtableusercontent.com/v3/u/45/45/1759183200000/-FULZkBKm06HF8nKfmgpHA/5iMuaHRHuFGIpCgmRfOJxfy40BTl5X0qAxub4sIu8_S4Fdb4SQrN2x1VitHs5xwuLwdzu-5nPMkwYGz_ijSTfsutrb1o12uo2Dn_KM1Y_R6S3f6uThjzIZfwsTCpOc_8o0sl_t9CT9smyv-G_dLIpfYABCWam7drbn_hSAkrb9k/3Z6xxdCSxfxpPPHDG4rP8rmtEc-FQ8M-3r71voCEPc0),,,,,,,1,1,1,,,,,,,,,,,1,,,,,,,,,,,,,,,,,
Leapin' Lizard,sc_7_cone06.jpg (https://v5.airtableusercontent.com/v3/u/45/45/1759183200000/0TG_i7jIHbzW5Xr0DEuTqQ/74P-FB9uzNpB0Ye2TdaGUFvWXX40t8_sfffVeEEoCIuNdAnO8G2YiqAthdyf5-c4ewuUhRGKQOjLZRiGUIIpFiASdvWbmh-GpqDzoVXFR0NpA3xxvbIZf3GSsxa7RJ60R-JyKfMNv6FI_fZHVDRv2CQcg46rPkFKtpvi3AAx8uA/o0AQpGyJAUkomfr7Zr0VGYKiXRXENFTdJa8OHNpJYFE),sc_7_cone06.jpg,https://v5.airtableusercontent.com/v3/u/45/45/1759183200000/0TG_i7jIHbzW5Xr0DEuTqQ/74P-FB9uzNpB0Ye2TdaGUFvWXX40t8_sfffVeEEoCIuNdAnO8G2YiqAthdyf5-c4ewuUhRGKQOjLZRiGUIIpFiASdvWbmh-GpqDzoVXFR0NpA3xxvbIZf3GSsxa7RJ60R-JyKfMNv6FI_fZHVDRv2CQcg46rPkFKtpvi3AAx8uA/o0AQpGyJAUkomfr7Zr0VGYKiXRXENFTdJa8OHNpJYFE),,,,,,,,,,,,,,,,,,,,1,,,,,,,,,,,,,,,,,
Green Thumb,sc_26_cone06.jpg (https://v5.airtableusercontent.com/v3/u/45/45/1759183200000/pzA1XXE_dwRA4jSsUKj1dw/fTjhjQd6BTHLSDO2FlMoq6jXeATWIYIuazfSP5dFt0OROIXKWqrG6sFtJaInZtrpQhGORf7y6NyCXndPAW6bMVQNJL2DHiEcbXFDVMdp9wpRgXS-76BJLW9GIWWKxV3rv_0rQF8XprVuD7BkbE2zCbIuPDupAnJ_86v2WZofZms/hwkg8G15kdC3eSHlvCI2CCyNjtEshDs5vBld5EBsszc),sc_26_cone06.jpg,https://v5.airtableusercontent.com/v3/u/45/45/1759183200000/pzA1XXE_dwRA4jSsUKj1dw/fTjhjQd6BTHLSDO2FlMoq6jXeATWIYIuazfSP5dFt0OROIXKWqrG6sFtJaInZtrpQhGORf7y6NyCXndPAW6bMVQNJL2DHiEcbXFDVMdp9wpRgXS-76BJLW9GIWWKxV3rv_0rQF8XprVuD7BkbE2zCbIuPDupAnJ_86v2WZofZms/hwkg8G15kdC3eSHlvCI2CCyNjtEshDs5vBld5EBsszc),,1,1,1,,1,1,,,,,,,,,,,,,1,,,,,,,,,,,,,,,,,
Just Froggy,sc_8_cone06.jpg (https://v5.airtableusercontent.com/v3/u/45/45/1759183200000/grFvUMJ98PiNKTmANqE2iw/n3oS4OkHxHtHIAWG0m6AIhajSaGFy4rozYDl_dia3LBqV3bYHkesgDj7rcSDGSXkXDTMCGDT8AgUNThIR9N2cbFUTprMFFJKLlbSXlMDEyq2QdsfqM6WQltD48k-u_e9cGFipLSN5SIpHPoByzbd6wXp2rgTVV61aePWmRhr6YY/lU6nhANXK-LviumgrDnwfLpg2xDviZFEQ3kDessrGTA),sc_8_cone06.jpg,https://v5.airtableusercontent.com/v3/u/45/45/1759183200000/grFvUMJ98PiNKTmANqE2iw/n3oS4OkHxHtHIAWG0m6AIhajSaGFy4rozYDl_dia3LBqV3bYHkesgDj7rcSDGSXkXDTMCGDT8AgUNThIR9N2cbFUTprMFFJKLlbSXlMDEyq2QdsfqM6WQltD48k-u_e9cGFipLSN5SIpHPoByzbd6wXp2rgTVV61aePWmRhr6YY/lU6nhANXK-LviumgrDnwfLpg2xDviZFEQ3kDessrGTA),,,,,,,,,,1,,1,,,,,,,,1,1,,,1,,,,,,,,,,,,,
Irish Luck,sc_36_cone06.jpg (https://v5.airtableusercontent.com/v3/u/45/45/1759183200000/mhLbNZlftfGSlv2SjzQOPw/usauttzSNYgJXBJISMLLGfC6WETAReDJchQvEGq8ntzQ1-fOS9MhW6EajVBXH-jMVv5c2NWSzXz8d81Y46fpc1EBC0yFf2t9ChLwayYlbKYaR8ypnLXLmO-yTptZPASE_dbOF6HFq1rjBtibWpW-gBtBSYqLPj092eOlpsNr9kw/jVUX2zeCese2gmGFN-9vIDV9rFPxCLJCTUBZkO42kzs),sc_36_cone06.jpg,https://v5.airtableusercontent.com/v3/u/45/45/1759183200000/mhLbNZlftfGSlv2SjzQOPw/usauttzSNYgJXBJISMLLGfC6WETAReDJchQvEGq8ntzQ1-fOS9MhW6EajVBXH-jMVv5c2NWSzXz8d81Y46fpc1EBC0yFf2t9ChLwayYlbKYaR8ypnLXLmO-yTptZPASE_dbOF6HFq1rjBtibWpW-gBtBSYqLPj092eOlpsNr9kw/jVUX2zeCese2gmGFN-9vIDV9rFPxCLJCTUBZkO42kzs),,,,,,,,,1,,1,,,,,,,,,,,,,1,,,,,,,,,,,,,
Glo-Worm,sc_77_cone06.jpg (https://v5.airtableusercontent.com/v3/u/45/45/1759183200000/Js_3FU4T5JCBUkZd4nj5sg/ZiUe4PR9eMfIugbf1X2zZfCrc5-GbtB_ZkOUcD0F7x_CRh_ABjAYRqUcvZ-3w6XN6AbC9eiHA8qGNk7GBoZV5leAHehFDJaMwKOwIX6RnR2Z6_zjoQ1XsmXBih-CH7INy8LO7ZOY1-zPvOIWsye-nwfQuhZz_NaMN_F6tWfo4eQ/TVHQTLRPRznkUzXXBOLRprujeNKeKahQTfgVHg0IFjU),sc_77_cone06.jpg,https://v5.airtableusercontent.com/v3/u/45/45/1759183200000/Js_3FU4T5JCBUkZd4nj5sg/ZiUe4PR9eMfIugbf1X2zZfCrc5-GbtB_ZkOUcD0F7x_CRh_ABjAYRqUcvZ-3w6XN6AbC9eiHA8qGNk7GBoZV5leAHehFDJaMwKOwIX6RnR2Z6_zjoQ1XsmXBih-CH7INy8LO7ZOY1-zPvOIWsye-nwfQuhZz_NaMN_F6tWfo4eQ/TVHQTLRPRznkUzXXBOLRprujeNKeKahQTfgVHg0IFjU),,,,1,,,,,,,,,,,,,,,,,,,,,,1,,,,,,,,,,,
Lime Light,sc_78_cone06.jpg (https://v5.airtableusercontent.com/v3/u/45/45/1759183200000/MA9P1zYn3OMa7D2gC18_lQ/89A3Mc1y4cwnSWd1JhzZOM_YzwNJBQ5x7P1vLue732rjuQjQ6_8nfsLd51JHRiZOR57IHiXMw950o0h1cm4-LBVwgZ0WkpwNCfqD9KfkC5V0KxTXwJUnfiZO3M_9GvbamDdd4rUwQYWC7p-uWtSYq_MlD4b5A_v456WZYTFSHho/1af0dEgHLUsUvBM6Fmpv5FuxqXrzQClUyEaceDXrgFI),sc_78_cone06.jpg,https://v5.airtableusercontent.com/v3/u/45/45/1759183200000/MA9P1zYn3OMa7D2gC18_lQ/89A3Mc1y4cwnSWd1JhzZOM_YzwNJBQ5x7P1vLue732rjuQjQ6_8nfsLd51JHRiZOR57IHiXMw950o0h1cm4-LBVwgZ0WkpwNCfqD9KfkC5V0KxTXwJUnfiZO3M_9GvbamDdd4rUwQYWC7p-uWtSYq_MlD4b5A_v456WZYTFSHho/1af0dEgHLUsUvBM6Fmpv5FuxqXrzQClUyEaceDXrgFI),,,,,,,,,,,,,,,,,,,,,,,,,,1,,,,,,,,,,,
Slime Time,sc_98_cone06.jpg (https://v5.airtableusercontent.com/v3/u/45/45/1759183200000/tXDs05_M24PPbe64AzojYg/FKcos6M7v_GM8cJW4M1msCmJf4Fg6JzUir3YxYICkrcRE3galrOnucTNRTo97q-F-fatoB1fKT1vdB-t_yHiQLTII31JW6-_GXANeHeVXSFhDbGRI_Eg7WKb8GQARkav2cjqAISb8zV4Tg6Kvyq6pCzAi1GEgXNUmpbSc4WKmkM/RZ1D09tNzm2wctur4CkzqywHNYhKIdcL5suC66vki04),sc_98_cone06.jpg,https://v5.airtableusercontent.com/v3/u/45/45/1759183200000/tXDs05_M24PPbe64AzojYg/FKcos6M7v_GM8cJW4M1msCmJf4Fg6JzUir3YxYICkrcRE3galrOnucTNRTo97q-F-fatoB1fKT1vdB-t_yHiQLTII31JW6-_GXANeHeVXSFhDbGRI_Eg7WKb8GQARkav2cjqAISb8zV4Tg6Kvyq6pCzAi1GEgXNUmpbSc4WKmkM/RZ1D09tNzm2wctur4CkzqywHNYhKIdcL5suC66vki04),,,,,,,,,,,,,,,,,,,,,,,,,,1,,,,,,,,,,,
Sour Apple,sc_27_cone06.jpg (https://v5.airtableusercontent.com/v3/u/45/45/1759183200000/_dTW_GXTGk8GN-DY3PllyA/os6iBqgG49-lf2AOU_4YnRZgIVyyzRmFNHLDDE0Fp-G4WPgY-s80nkSLJ6KLUSwLuxBfOc8xh0zep6468VjQ6_lu2UaTp1sjD-CVi6OiZMYL6peTRbMRHADt-XILPaW1nf_QyiaYbHhYpAqrT1eeVSYX18JIMHBWV9Sk5oKTvJo/wR-cHQkLZkUIT_XY1_BFKJDDsmV7GErmwJwxE31HyRg),sc_27_cone06.jpg,https://v5.airtableusercontent.com/v3/u/45/45/1759183200000/_dTW_GXTGk8GN-DY3PllyA/os6iBqgG49-lf2AOU_4YnRZgIVyyzRmFNHLDDE0Fp-G4WPgY-s80nkSLJ6KLUSwLuxBfOc8xh0zep6468VjQ6_lu2UaTp1sjD-CVi6OiZMYL6peTRbMRHADt-XILPaW1nf_QyiaYbHhYpAqrT1eeVSYX18JIMHBWV9Sk5oKTvJo/wR-cHQkLZkUIT_XY1_BFKJDDsmV7GErmwJwxE31HyRg),,,1,,,,,,,,,,,,,,,,,,,,,,,,,,,,,,,,,,
Toad-ily Green,sc_52_cone06.jpg (https://v5.airtableusercontent.com/v3/u/45/45/1759183200000/ZjmNRS0GWq57YhCobm3Exg/mcVsDAW6iauEh3M6Kvq-_w7yR9SZo30jgD18eQKHEsXOlDTlC2iXOl5gxaPM1qs1Frjc58c6q3Zarh7P3eiw8lTa1I5tjSgeGRVqoPeRwz4OrwPwUDeFmUQJWlBsfm4Sx8lPI6j6raFuSTjFCTE5zwgTjDiFkC_WS0QHtihbWZw/h41J16eudX1ngsrv8TVK07RovSnso_dPp1CAUdrKIno),sc_52_cone06.jpg,https://v5.airtableusercontent.com/v3/u/45/45/1759183200000/ZjmNRS0GWq57YhCobm3Exg/mcVsDAW6iauEh3M6Kvq-_w7yR9SZo30jgD18eQKHEsXOlDTlC2iXOl5gxaPM1qs1Frjc58c6q3Zarh7P3eiw8lTa1I5tjSgeGRVqoPeRwz4OrwPwUDeFmUQJWlBsfm4Sx8lPI6j6raFuSTjFCTE5zwgTjDiFkC_WS0QHtihbWZw/h41J16eudX1ngsrv8TVK07RovSnso_dPp1CAUdrKIno),,,1,,,,,,,,,,,,,,,,,,,,,,,,,,,,,,,,,,
It's Sage,sc_79_cone06.jpg (https://v5.airtableusercontent.com/v3/u/45/45/1759183200000/KBPNyeW6W6q4HzF4hramCA/RbhIpG9MzU7uqvPWIoa72h7OrKmRtqW8E8zz8t0qOEOeS_ti-eIO-bPWLdjoXq6JWrP0AQExlgj6_AnzyZHkxykjZuXg0kfIi-A5lfGu_CyqtQflf-urkdaO5iHyG5tLszc1wO_EzONs3-QKg9ckSjqMwpGQJyWfVshr_U5GtPI/-KUBA_QFhPcy5tpuKTpcjODqSn01y1V5HSaiZhYbKLY),sc_79_cone06.jpg,https://v5.airtableusercontent.com/v3/u/45/45/1759183200000/KBPNyeW6W6q4HzF4hramCA/RbhIpG9MzU7uqvPWIoa72h7OrKmRtqW8E8zz8t0qOEOeS_ti-eIO-bPWLdjoXq6JWrP0AQExlgj6_AnzyZHkxykjZuXg0kfIi-A5lfGu_CyqtQflf-urkdaO5iHyG5tLszc1wO_EzONs3-QKg9ckSjqMwpGQJyWfVshr_U5GtPI/-KUBA_QFhPcy5tpuKTpcjODqSn01y1V5HSaiZhYbKLY),,,1,,,,,,,,,,,,,,,,,,,,,,,,,,,,,,,,,,
Army Surplus,sc_39_cone06.jpg (https://v5.airtableusercontent.com/v3/u/45/45/1759183200000/JRWqO2WNC2vQj4vmJfKuuA/aSsYn7GRoeaSAuFhJtuuEe5WxslzMzhBJZc_sWwWo6HxghzZEI4ZnxknswBYXDQI9dwgguBVD9cYMRAp8ZbBAr13rR56FsHaEH4whn6tXbGjlLSfzJ7WDzQ9q5TAj5jMmKR7VlZ03EL_U12WSCIPdBjfM9Qfslbleh-4UIgQiNI/u1V5TZBfWM8OiZ0jz9udeNCmPyZhi3rhOEa35SsRSFc),sc_39_cone06.jpg,https://v5.airtableusercontent.com/v3/u/45/45/1759183200000/JRWqO2WNC2vQj4vmJfKuuA/aSsYn7GRoeaSAuFhJtuuEe5WxslzMzhBJZc_sWwWo6HxghzZEI4ZnxknswBYXDQI9dwgguBVD9cYMRAp8ZbBAr13rR56FsHaEH4whn6tXbGjlLSfzJ7WDzQ9q5TAj5jMmKR7VlZ03EL_U12WSCIPdBjfM9Qfslbleh-4UIgQiNI/u1V5TZBfWM8OiZ0jz9udeNCmPyZhi3rhOEa35SsRSFc),,,,,,,,,,,,,,,,,,,,,,,,,,,,,,,,,,,,,
Old Lace,sc_86_cone06.jpg (https://v5.airtableusercontent.com/v3/u/45/45/1759183200000/lTAG3tiUffl8NYpRVrBDSw/v14qvRviE4SoaYhjqzJOHDA3gPUxWGYA4Jy3S_EMOoo64cl77CKBY5Er_-GOuHUmbqKPD3K5WU07rT-mcCIkT0jpCd1BorbIQSPhLS2kOF67w-zooYJFPlfw-Y6qGDwAOgWxAh0bJYekMw5x6iiMFmT8C4tnYmn4f548khS7tPY/MhM7IoO-vB8Xwhy3dDiWsI-Zgv3hFvRn6KGg_AvPxk0),sc_86_cone06.jpg,https://v5.airtableusercontent.com/v3/u/45/45/1759183200000/lTAG3tiUffl8NYpRVrBDSw/v14qvRviE4SoaYhjqzJOHDA3gPUxWGYA4Jy3S_EMOoo64cl77CKBY5Er_-GOuHUmbqKPD3K5WU07rT-mcCIkT0jpCd1BorbIQSPhLS2kOF67w-zooYJFPlfw-Y6qGDwAOgWxAh0bJYekMw5x6iiMFmT8C4tnYmn4f548khS7tPY/MhM7IoO-vB8Xwhy3dDiWsI-Zgv3hFvRn6KGg_AvPxk0),,,,,,,,,,,,,,,,,,,,,,,,,,,,,,,,,1,,,,
Vanilla Dip,sc_54_cone06.jpg (https://v5.airtableusercontent.com/v3/u/45/45/1759183200000/ug2oARj9rpPgNn4P0YKD5w/RtF8ubbLsa0gw9vBWCbtmFHxRaj4mXdiptqhmW86uO4NgIlmdj3jyjY6IQuVvXJblc0KQpDR4qgIy6QzVU25ZoTCVK1um8SiH-rMFCY-rRRppu1nnZ6kOPSczmtNec92hcn72Feim_GnafVar7HIzwrstuAvZu_JJyVXvz9EtcU/gouWnnucleLEo7xcgqIPvHD7Zjdw92sT4k5dYhxSeCw),sc_54_cone06.jpg,https://v5.airtableusercontent.com/v3/u/45/45/1759183200000/ug2oARj9rpPgNn4P0YKD5w/RtF8ubbLsa0gw9vBWCbtmFHxRaj4mXdiptqhmW86uO4NgIlmdj3jyjY6IQuVvXJblc0KQpDR4qgIy6QzVU25ZoTCVK1um8SiH-rMFCY-rRRppu1nnZ6kOPSczmtNec92hcn72Feim_GnafVar7HIzwrstuAvZu_JJyVXvz9EtcU/gouWnnucleLEo7xcgqIPvHD7Zjdw92sT4k5dYhxSeCw),,,1,,,,,,,,,,,,,,,,,,,,,,,,,,,,,,,,,,
Cashew Later,sc_20_cone06.jpg (https://v5.airtableusercontent.com/v3/u/45/45/1759183200000/wx8mbBKkUKlDtpPlymeWwA/rjJHaRHMlD-bghXJys0z9b-S3H6IHkDJFmEyMI8uOb6IHTMNLsuhbSIHgg-bzBgEK1qhgZZHX0y9h5g70_ebmx2L6GbAi4gcMVY_b0pXZsG5RUBJPXlk9LKg1Y2ixx1wb39FbSrJn9oQ07dPHYrLuMjt_AGcbKorCYiqO2Tj-gU/k6VdGtNETygNHQOLPMpsmI-ZJxf50A94RDAdjYD2H5k),sc_20_cone06.jpg,https://v5.airtableusercontent.com/v3/u/45/45/1759183200000/wx8mbBKkUKlDtpPlymeWwA/rjJHaRHMlD-bghXJys0z9b-S3H6IHkDJFmEyMI8uOb6IHTMNLsuhbSIHgg-bzBgEK1qhgZZHX0y9h5g70_ebmx2L6GbAi4gcMVY_b0pXZsG5RUBJPXlk9LKg1Y2ixx1wb39FbSrJn9oQ07dPHYrLuMjt_AGcbKorCYiqO2Tj-gU/k6VdGtNETygNHQOLPMpsmI-ZJxf50A94RDAdjYD2H5k),,,,,,,,,,,,,,,,,,,,,,1,,,,,,,,,,,,,,,
Rawhide,sc_46_cone06.jpg (https://v5.airtableusercontent.com/v3/u/45/45/1759183200000/vylR8pX_3jz5LzgvHFOptg/FAfLsEl7VaNRKRXmh1EEa1NO63N1-HKImOSj-NruS64MWVPN_Uok57heGydP85dbSgzOTj4XDLc3Hd-JSP98CA3SjoHxa3bohC3jfbTtP2Jvqevso_rdo_GfsWyem_a8GSod7eiwVtb1iSNkYBrtq7i0SVHQTddUhQezrvh7MM4/Yi5c_mCx0CTwuvshnQFKLm9CpCZ1pHrNDj2aI_5Sclw),sc_46_cone06.jpg,https://v5.airtableusercontent.com/v3/u/45/45/1759183200000/vylR8pX_3jz5LzgvHFOptg/FAfLsEl7VaNRKRXmh1EEa1NO63N1-HKImOSj-NruS64MWVPN_Uok57heGydP85dbSgzOTj4XDLc3Hd-JSP98CA3SjoHxa3bohC3jfbTtP2Jvqevso_rdo_GfsWyem_a8GSod7eiwVtb1iSNkYBrtq7i0SVHQTddUhQezrvh7MM4/Yi5c_mCx0CTwuvshnQFKLm9CpCZ1pHrNDj2aI_5Sclw),,,,,,,,,,,,,,,,,,,,,,,,,,,,,,,,,,,,,
Poo Bear,sc_51_cone06.jpg (https://v5.airtableusercontent.com/v3/u/45/45/1759183200000/Mtz91qZttJZi7eAfBSQj1A/juEN-Sx2IU75MZ5qks6JEDlBSaEi_27gbSkt5NuzK0fSpwQAae4H5bOKabqbim6PnZK15ohMm-s7H8PHjcag6CQi-8VBVi0-eqy1nk0rFCZRucKCkwPguED7Orj1rD7Ht1vhRqcIPn_Qkwyh2F8Taq5Pk5cSF8-CoF4VDJaRWD8/RbME9RRAVuyS5O74CVex8I9OMoBiAMytw_vVvnXXPaw),sc_51_cone06.jpg,https://v5.airtableusercontent.com/v3/u/45/45/1759183200000/Mtz91qZttJZi7eAfBSQj1A/juEN-Sx2IU75MZ5qks6JEDlBSaEi_27gbSkt5NuzK0fSpwQAae4H5bOKabqbim6PnZK15ohMm-s7H8PHjcag6CQi-8VBVi0-eqy1nk0rFCZRucKCkwPguED7Orj1rD7Ht1vhRqcIPn_Qkwyh2F8Taq5Pk5cSF8-CoF4VDJaRWD8/RbME9RRAVuyS5O74CVex8I9OMoBiAMytw_vVvnXXPaw),,,,,1,1,,,,,,,,,,,,,,,,,,,,,,,,,,,,,,,
Tiger Tail,sc_5_cone06.jpg (https://v5.airtableusercontent.com/v3/u/45/45/1759183200000/gxDkX1lzql4IhRioXnGe9w/ekeyE2PnyhEjboR4ycSU17VG3tHLLfKqaMnnKjVmIV-rTorlV-6Vzcpy_ZZf_7YRpGefbXKwXBuHTxjAup7A92N-tLa27O7v_T0FPiBFS7dqdfPQB7Msi3EzszCywt-gkPse8f100pC_kUstE_FkvonNE8gCJeo0wfups9rx7vQ/RCMaJHIwxKdoXUfF5OsDRvMk7uWiGLeAlHq7oYovQgQ),sc_5_cone06.jpg,https://v5.airtableusercontent.com/v3/u/45/45/1759183200000/gxDkX1lzql4IhRioXnGe9w/ekeyE2PnyhEjboR4ycSU17VG3tHLLfKqaMnnKjVmIV-rTorlV-6Vzcpy_ZZf_7YRpGefbXKwXBuHTxjAup7A92N-tLa27O7v_T0FPiBFS7dqdfPQB7Msi3EzszCywt-gkPse8f100pC_kUstE_FkvonNE8gCJeo0wfups9rx7vQ/RCMaJHIwxKdoXUfF5OsDRvMk7uWiGLeAlHq7oYovQgQ),,,,,,1,,,1,,,,,,,,,,,,,,,,,,,,,,,,,,,,
Crackerjack Brown,sc_25_cone06.jpg (https://v5.airtableusercontent.com/v3/u/45/45/1759183200000/0enLgAPmukpp3Yjy5jT9TA/VXT-ktS0jMR4N7u5ITKRYFAtGdMAmri9at4cWuUknKGFY53iwzbnj2JnQdSFDHCxo46QYfz_jO2iHQX3TfTXZ_8hSOPgnnGEs8NsiGD3FpRrkNLxHv3BKXdiAVRKEIoiFG_JYgnsvalJaIQXw0rI3RfGcm4AnehQwczRVMFAkyM/YQ-G52OxZEZqyi2W4Ismkj8vPoaaolpagSjSrDu2NW8),sc_25_cone06.jpg,https://v5.airtableusercontent.com/v3/u/45/45/1759183200000/0enLgAPmukpp3Yjy5jT9TA/VXT-ktS0jMR4N7u5ITKRYFAtGdMAmri9at4cWuUknKGFY53iwzbnj2JnQdSFDHCxo46QYfz_jO2iHQX3TfTXZ_8hSOPgnnGEs8NsiGD3FpRrkNLxHv3BKXdiAVRKEIoiFG_JYgnsvalJaIQXw0rI3RfGcm4AnehQwczRVMFAkyM/YQ-G52OxZEZqyi2W4Ismkj8vPoaaolpagSjSrDu2NW8),,,,1,,,,,,,,,,,,,,,,,,,,,,,,,,,,,,,,,
Basketball,sc_80_cone06.jpg (https://v5.airtableusercontent.com/v3/u/45/45/1759183200000/75yh2xOqqQd2U2V5USeYnw/Q_5NwCPQjEvuavsBD0BG3tDJ3YwATfCPJDXo2t4u0j_YDs76dSX3LvRJunGs1BGa9hvfH6A3DPUPBQtoFHONLa0pW1Y9cUuFdx4QWt01JNugXSrh9XK54g4vB-Bw7MPRkn4i223hg4T9_IpWAhdyC0_y4SIMOIsITIGrkMARtwg/XuWeS-mPI7WLruo99YrNys6TBBqWxTPVZZXOrFe4U10),sc_80_cone06.jpg,https://v5.airtableusercontent.com/v3/u/45/45/1759183200000/75yh2xOqqQd2U2V5USeYnw/Q_5NwCPQjEvuavsBD0BG3tDJ3YwATfCPJDXo2t4u0j_YDs76dSX3LvRJunGs1BGa9hvfH6A3DPUPBQtoFHONLa0pW1Y9cUuFdx4QWt01JNugXSrh9XK54g4vB-Bw7MPRkn4i223hg4T9_IpWAhdyC0_y4SIMOIsITIGrkMARtwg/XuWeS-mPI7WLruo99YrNys6TBBqWxTPVZZXOrFe4U10),,,,,,,,,,,,,,,,,,,,,,,,,,,,,,,,,,,,,
Brown Cow,sc_41_cone06.jpg (https://v5.airtableusercontent.com/v3/u/45/45/1759183200000/pY48Gzg-F2lCaj0lW_VSIA/JWhlUfOakkmrzMfQv4ciz8IGEHrXLxpsNVV6V8CmxIoaG0pN0Xxp3aJjf4naEI3OnTmAs7pZ0UeXc4A9w_yf9VbQnTdtPyDY6vDg4NAyFFnktQX237ExIYQUDwMqCtkh3E629cgGB4ZsQlKi3INMUHj4j78DWiIvgw_IYg-eT3Y/Dhuw5F9JQAjUUuUFxlepGtn8rxwOSDU-hbokzB58gGc),sc_41_cone06.jpg,https://v5.airtableusercontent.com/v3/u/45/45/1759183200000/pY48Gzg-F2lCaj0lW_VSIA/JWhlUfOakkmrzMfQv4ciz8IGEHrXLxpsNVV6V8CmxIoaG0pN0Xxp3aJjf4naEI3OnTmAs7pZ0UeXc4A9w_yf9VbQnTdtPyDY6vDg4NAyFFnktQX237ExIYQUDwMqCtkh3E629cgGB4ZsQlKi3INMUHj4j78DWiIvgw_IYg-eT3Y/Dhuw5F9JQAjUUuUFxlepGtn8rxwOSDU-hbokzB58gGc),,,,,,,,,,,,,,,,,,,,,,,,,,,,,,,,,,,,,
Camel Back,sc_48_cone06.jpg (https://v5.airtableusercontent.com/v3/u/45/45/1759183200000/-zEBDpq6yxp5XAsN6hs_Cw/n55WsZ0Z4JRllPm8GrTzrfOL454AYAWDGdYp9pOgd5uKw3sYQ8wQ-6vgPNqOecgsM_pLUPFGTTE4opxjLQFU0qBXhq9gE7_RV8dkLfDHBG810sMOqLRezeb0Btw27LMCjFgP_iMzE0cGVRGGR_Kgk5yfrnSGO_jvoV42-yC40mg/8nQEr0U86j6wHoJ_2wynb7ChjwahYbT9pq7jwJmCONY),sc_48_cone06.jpg,https://v5.airtableusercontent.com/v3/u/45/45/1759183200000/-zEBDpq6yxp5XAsN6hs_Cw/n55WsZ0Z4JRllPm8GrTzrfOL454AYAWDGdYp9pOgd5uKw3sYQ8wQ-6vgPNqOecgsM_pLUPFGTTE4opxjLQFU0qBXhq9gE7_RV8dkLfDHBG810sMOqLRezeb0Btw27LMCjFgP_iMzE0cGVRGGR_Kgk5yfrnSGO_jvoV42-yC40mg/8nQEr0U86j6wHoJ_2wynb7ChjwahYbT9pq7jwJmCONY),,,,,,,,,,1,,,,,,,,,,,,,,,,,,,,,,,,,,,
Java Bean,sc_14_cone06.jpg (https://v5.airtableusercontent.com/v3/u/45/45/1759183200000/GRQXQjGtPWN39adzsGCkxw/gjBkYckjlM4R1FaqHNWB3XuA4jhyZW4AEsSmrBE5EdG_dAuBUlE8yEbnIwB5CB_uTZoy32OpthL8tyva7nwjI9oRMxhWsAZFRr4p6M2jLQPaO2eagfVJTJH5R53BYo0VJNOnw5SZNAq_M3o4ViGCJPRM_e4Zy8xOggL90XBAx4Y/x-0mc91X0qvHBDs_IADrjrzylkkn_f6RIEy6reiDcys),sc_14_cone06.jpg,https://v5.airtableusercontent.com/v3/u/45/45/1759183200000/GRQXQjGtPWN39adzsGCkxw/gjBkYckjlM4R1FaqHNWB3XuA4jhyZW4AEsSmrBE5EdG_dAuBUlE8yEbnIwB5CB_uTZoy32OpthL8tyva7nwjI9oRMxhWsAZFRr4p6M2jLQPaO2eagfVJTJH5R53BYo0VJNOnw5SZNAq_M3o4ViGCJPRM_e4Zy8xOggL90XBAx4Y/x-0mc91X0qvHBDs_IADrjrzylkkn_f6RIEy6reiDcys),,,,,,,,,,,,,,,1,,1,,,,,,,,,,,,,,,,,,,,
Down To Earth,sc_34_cone06.jpg (https://v5.airtableusercontent.com/v3/u/45/45/1759183200000/C0OWzIiy0kb9uG75Kxzc2g/BCvGbAFaMydEj2Y_RUldYlyl_PoLz93jn3R6q18RF2xwgqGJUbMZ8vh7FzWZUnBlfbPNUHO5Lb3Feb1l8v6eH7YdfA5aOJAC9HoyVGHTSuA_z3SwEM_t2Bk1k5UVFnQqc_YCUDMAK9Xbp3bF5j4WzzH_bZVy9cg9pI8-5wbekwQ/sTRBps61bmUupjyvDothLE8PIdSDO5pyTT3kON3JPjM),sc_34_cone06.jpg,https://v5.airtableusercontent.com/v3/u/45/45/1759183200000/C0OWzIiy0kb9uG75Kxzc2g/BCvGbAFaMydEj2Y_RUldYlyl_PoLz93jn3R6q18RF2xwgqGJUbMZ8vh7FzWZUnBlfbPNUHO5Lb3Feb1l8v6eH7YdfA5aOJAC9HoyVGHTSuA_z3SwEM_t2Bk1k5UVFnQqc_YCUDMAK9Xbp3bF5j4WzzH_bZVy9cg9pI8-5wbekwQ/sTRBps61bmUupjyvDothLE8PIdSDO5pyTT3kON3JPjM),,,,,,,,,,,,,,,,,,,,,,,,,,,,,,,,,,,,,
Caf Ole,sc_92_cone06.jpg (https://v5.airtableusercontent.com/v3/u/45/45/1759183200000/WzHlb2NWvLApXmOB-O1alw/Phe5Q_R4cgIc4GlXnlpvdDgEpALRvRWhgQijM1NxGYCGDXsp6AeYb3aZr2jHCqqN23Ho4RQMXKyL59nuUgMCyEUaEdscWUpUQFpNOygE89GYTOI53_2USURJyENpXBTcSD_Y2TOExzUk1OeOc4Y3x2Qe89N0QZcNl8rruFEAYes/eJuzuOqVI9CmdSCOMfYenOA7QcLP_zKra334AZObLsc),sc_92_cone06.jpg,https://v5.airtableusercontent.com/v3/u/45/45/1759183200000/WzHlb2NWvLApXmOB-O1alw/Phe5Q_R4cgIc4GlXnlpvdDgEpALRvRWhgQijM1NxGYCGDXsp6AeYb3aZr2jHCqqN23Ho4RQMXKyL59nuUgMCyEUaEdscWUpUQFpNOygE89GYTOI53_2USURJyENpXBTcSD_Y2TOExzUk1OeOc4Y3x2Qe89N0QZcNl8rruFEAYes/eJuzuOqVI9CmdSCOMfYenOA7QcLP_zKra334AZObLsc),,,1,1,,,,,,,,,,,,,,,,,,,,,,,,,,,,,,,,,
Elephant Ears,sc_90_cone06.jpg (https://v5.airtableusercontent.com/v3/u/45/45/1759183200000/L4eHGr-ibhqQOeRw7UrETw/1ARhAn6Y9sGV6kvs9rDdgweFa-dKoS5nC54X2zuUpeC1WrEjyYocUP7gPj1kFno7Wu4gqAXx5GCoYouaOq0_tL71j8PHS-5n_dW_5bcBIOR8c_YjH3HxcZgbTaNMUuKFk2AH03RDXjFAkwxrF1zSZ-CcQ-RDTduqO74Z7o0VjqA/iK5_5GaJhPX4XYkCn0WZfijL1pfEVapVnFgvVlU-e9E),sc_90_cone06.jpg,https://v5.airtableusercontent.com/v3/u/45/45/1759183200000/L4eHGr-ibhqQOeRw7UrETw/1ARhAn6Y9sGV6kvs9rDdgweFa-dKoS5nC54X2zuUpeC1WrEjyYocUP7gPj1kFno7Wu4gqAXx5GCoYouaOq0_tL71j8PHS-5n_dW_5bcBIOR8c_YjH3HxcZgbTaNMUuKFk2AH03RDXjFAkwxrF1zSZ-CcQ-RDTduqO74Z7o0VjqA/iK5_5GaJhPX4XYkCn0WZfijL1pfEVapVnFgvVlU-e9E),,,,,,,,,,,,,,,,,,,,,,,,,,,,,,,,,,,,,
Tip Taupe,sc_83_cone06.jpg (https://v5.airtableusercontent.com/v3/u/45/45/1759183200000/VAzy8EzRHGHkNqDJakFytQ/JYdBpLGkK-g7B_Lld2HhCsrrxMgCZtcKuCGJGavP6WM-on4GhlEAKI6IV2jkOnNJuDPsu7Y2t7qxx4ETjXobgvteY2oeZ4rpytNiw86yuyMP6qq8ArotI10POhy5_guYZMD9NZ2sp5XzMXASsWXdzrNiN-M930AvSUMofh1xJUU/x5sDPVyRhausuxtWI3f0mIH-XnA5MICLKZwasWhojXs),sc_83_cone06.jpg,https://v5.airtableusercontent.com/v3/u/45/45/1759183200000/VAzy8EzRHGHkNqDJakFytQ/JYdBpLGkK-g7B_Lld2HhCsrrxMgCZtcKuCGJGavP6WM-on4GhlEAKI6IV2jkOnNJuDPsu7Y2t7qxx4ETjXobgvteY2oeZ4rpytNiw86yuyMP6qq8ArotI10POhy5_guYZMD9NZ2sp5XzMXASsWXdzrNiN-M930AvSUMofh1xJUU/x5sDPVyRhausuxtWI3f0mIH-XnA5MICLKZwasWhojXs),,1,,,,,,,,,,,,,,,,,,,,,,,,,,,,,,,,,,,
Silver Lining,sc_60_cone06.jpg (https://v5.airtableusercontent.com/v3/u/45/45/1759183200000/fupQgxO7XF6bOiCbAp8ouA/LmGE7oV7CoUOXznRW66A8j01vNLCzpHqhzgr-0X_YxRazy1XYYL7V8VX2BL2j_OtvXgaxCioHddW8e9ggVWjhbuW-ZwoiHdnr2pa41JX2vamujaYZwagDudepq9MC3UFEmE6PBOhTN6hfXMaxLlCzLvyeS2R3JrmKZ9hu6VMOIM/W28zw7wIGDhs_E9hqzkt4j0eSApg5w9Nl76e1G2T6lc),sc_60_cone06.jpg,https://v5.airtableusercontent.com/v3/u/45/45/1759183200000/fupQgxO7XF6bOiCbAp8ouA/LmGE7oV7CoUOXznRW66A8j01vNLCzpHqhzgr-0X_YxRazy1XYYL7V8VX2BL2j_OtvXgaxCioHddW8e9ggVWjhbuW-ZwoiHdnr2pa41JX2vamujaYZwagDudepq9MC3UFEmE6PBOhTN6hfXMaxLlCzLvyeS2R3JrmKZ9hu6VMOIM/W28zw7wIGDhs_E9hqzkt4j0eSApg5w9Nl76e1G2T6lc),,,,,,,,,,,,,,,,,,1,,,,,,,,,,,,,,,,,,,
Gray Hare,sc_35_cone06.jpg (https://v5.airtableusercontent.com/v3/u/45/45/1759183200000/AUImrg_HGNf8cX9luYr7OQ/CSKek1SD6xv4_-j3gnC2gv5LHDBwL1bfAWBamtzUUDCvIG9-jovDh7Ia2mvyxBB6rLPDjJ-R5Xam6z9J8iWR8hCGCuZVP0sTnPybCUohfTpeN5wPod7ZLFc5FIVP9FvoSgkNQ_gPWcYmVLW49V8FFTW_QcPYk_PsxA0_EoJyojQ/hubIUd_S0wt7Pp3CY-9mUHCR-DgQwlyrsmy3ILCNrpg),sc_35_cone06.jpg,https://v5.airtableusercontent.com/v3/u/45/45/1759183200000/AUImrg_HGNf8cX9luYr7OQ/CSKek1SD6xv4_-j3gnC2gv5LHDBwL1bfAWBamtzUUDCvIG9-jovDh7Ia2mvyxBB6rLPDjJ-R5Xam6z9J8iWR8hCGCuZVP0sTnPybCUohfTpeN5wPod7ZLFc5FIVP9FvoSgkNQ_gPWcYmVLW49V8FFTW_QcPYk_PsxA0_EoJyojQ/hubIUd_S0wt7Pp3CY-9mUHCR-DgQwlyrsmy3ILCNrpg),,,,,,,,,,,,,,,,,,1,,,,,,,,,,,,,,,,,,,
Char-ming,sc_99_cone06.jpg (https://v5.airtableusercontent.com/v3/u/45/45/1759183200000/xoGuizMx99Uxpy4JA2qJLQ/bulVmlCffC_SEXBmQrqRMoPQ3PDqmF4jzcON16LsPw2wVexXcxjdh2dC5E4iJBae7-qpINqCJ3t6snjkeu0l-dvJ3yPbIRcBGSuGDCWixOcuRH60F4O0NXXEoioQaVQee8Hi7KUV2LsOySSrgBXldOLbX4SCE8i2x2Nu9RzK0wg/JoyQGxQ_y3zBvcmIpQO51AazW1Rc9UyNcEuK2eNkYuA),sc_99_cone06.jpg,https://v5.airtableusercontent.com/v3/u/45/45/1759183200000/xoGuizMx99Uxpy4JA2qJLQ/bulVmlCffC_SEXBmQrqRMoPQ3PDqmF4jzcON16LsPw2wVexXcxjdh2dC5E4iJBae7-qpINqCJ3t6snjkeu0l-dvJ3yPbIRcBGSuGDCWixOcuRH60F4O0NXXEoioQaVQee8Hi7KUV2LsOySSrgBXldOLbX4SCE8i2x2Nu9RzK0wg/JoyQGxQ_y3zBvcmIpQO51AazW1Rc9UyNcEuK2eNkYuA),,,,,,,,,,,,,,,,,,,,,,,,,,,,,,,,,,,,,
Tuxedo,sc_15_cone06.jpg (https://v5.airtableusercontent.com/v3/u/45/45/1759183200000/05G9NCjjSBLF_22LIjlIcQ/aUnAYH9C7uS78YtY4mNqjaqJmMvabJtn7PimFh4q6qv7TKLhYNM7bjIB8U43fulRoFVOQpR8ZHEso2DHwrx3zZkz34VeMiZwtHGyn7FobSaulvFp1HAJinY6pCa9Ku1VV0zzWnlVPgZJtoSCPt33YKJM3kA3tnc-wHo5uHTPV7M/-CAlgKKiYCYRyZOwOgIo8tNDoUdp4re-2JtAoQPZvzA),sc_15_cone06.jpg,https://v5.airtableusercontent.com/v3/u/45/45/1759183200000/05G9NCjjSBLF_22LIjlIcQ/aUnAYH9C7uS78YtY4mNqjaqJmMvabJtn7PimFh4q6qv7TKLhYNM7bjIB8U43fulRoFVOQpR8ZHEso2DHwrx3zZkz34VeMiZwtHGyn7FobSaulvFp1HAJinY6pCa9Ku1VV0zzWnlVPgZJtoSCPt33YKJM3kA3tnc-wHo5uHTPV7M/-CAlgKKiYCYRyZOwOgIo8tNDoUdp4re-2JtAoQPZvzA),,,,,,,,,,,1,,,,,,,1,,,,,,,,,,,,,,,,,,,
Marshmallow White,fn-301.jpg (https://v5.airtableusercontent.com/v3/u/45/45/1759183200000/8K7cZgMZeKNEmMeg_-XD_Q/9tYLg7Hkx523_mg8bFppLfggWO6DUzChbM1UfYhuBkPS3MFap0RH6dmdTADDetAUhXG0YzZ5ZnqBlw51KPjhzFZsMXPdBhaRjIkc--SMi6XBjupx_5aPlnR1nsdtgptBR7EkZG3YqhLOgUCKiWA_wYJOiWljgcSSFx9BjA3AByI/-jzP4BJOBILC0d2907LWhE5y66MH-xPWF6cmRt1dlis),fn-301.jpg,https://v5.airtableusercontent.com/v3/u/45/45/1759183200000/8K7cZgMZeKNEmMeg_-XD_Q/9tYLg7Hkx523_mg8bFppLfggWO6DUzChbM1UfYhuBkPS3MFap0RH6dmdTADDetAUhXG0YzZ5ZnqBlw51KPjhzFZsMXPdBhaRjIkc--SMi6XBjupx_5aPlnR1nsdtgptBR7EkZG3YqhLOgUCKiWA_wYJOiWljgcSSFx9BjA3AByI/-jzP4BJOBILC0d2907LWhE5y66MH-xPWF6cmRt1dlis),,,,,,,,,,,,,,,,,,,,,,,,,,,,,,,,,,,,,
Clear,,,,,,,,,,,,,1,,,,,,,,,1,,,,,,,,,,,,,,,,1,,1