ID,Name,Image URL
V-301,V-301 Ivory Beige Underglaze,https://cdn11.bigcommerce.com/s-a0h9fhqogk/images/stencil/200x200/products/2119/3314/37400A__35979.1663233214.jpg?c=1
V-301,V-301 Ivory Beige Underglaze,https://cdn11.bigcommerce.com/s-a0h9fhqogk/images/stencil/200x200/products/2119/3314/37400A__35979.1663233214.jpg?c=1
V-301,V-301 Ivory Beige Underglaze,
V-303,V-303 Terra Cotta Underglazes,https://cdn11.bigcommerce.com/s-a0h9fhqogk/images/stencil/200x200/products/2110/3296/37402C__75678.1663222564.jpg?c=1
V-303,V-303 Terra Cotta Underglazes,https://cdn11.bigcommerce.com/s-a0h9fhqogk/images/stencil/200x200/products/2110/3296/37402C__75678.1663222564.jpg?c=1
V-303,V-303 Terra Cotta Underglazes,
V-304,V-304 Straw Underglaze,https://cdn11.bigcommerce.com/s-a0h9fhqogk/images/stencil/200x200/products/2111/3299/37403D__50124.1663223152.jpg?c=1
V-304,V-304 Straw Underglaze,https://cdn11.bigcommerce.com/s-a0h9fhqogk/images/stencil/200x200/products/2111/3299/37403D__50124.1663223152.jpg?c=1
V-304,V-304 Straw Underglaze,
V-308,V-308 Yellow Underglaze,https://cdn11.bigcommerce.com/s-a0h9fhqogk/images/stencil/200x200/products/2112/3301/37404E__02275.1663223488.jpg?c=1
V-308,V-308 Yellow Underglaze,https://cdn11.bigcommerce.com/s-a0h9fhqogk/images/stencil/200x200/products/2112/3301/37404E__02275.1663223488.jpg?c=1
V-308,V-308 Yellow Underglaze,
V-309,V-309 Deep Yellow Underglaze,https://cdn11.bigcommerce.com/s-a0h9fhqogk/images/stencil/200x200/products/798/1494/37405F__22527.1659278734.jpg?c=1
V-309,V-309 Deep Yellow Underglaze,https://cdn11.bigcommerce.com/s-a0h9fhqogk/images/stencil/200x200/products/798/1494/37405F__22527.1659278734.jpg?c=1
V-309,V-309 Deep Yellow Underglaze,
V-311,V-311 Nectar Underglaze,https://cdn11.bigcommerce.com/s-a0h9fhqogk/images/stencil/200x200/products/2278/3647/V-311_Nectar_Cone5_WebsiteSwatch__44106.1707163072.jpg?c=1
V-311,V-311 Nectar Underglaze,https://cdn11.bigcommerce.com/s-a0h9fhqogk/images/stencil/200x200/products/2278/3647/V-311_Nectar_Cone5_WebsiteSwatch__44106.1707163072.jpg?c=1
V-311,V-311 Nectar Underglaze,
V-313,V-313 Red Brown Underglaze,https://cdn11.bigcommerce.com/s-a0h9fhqogk/stencil/1c660a40-01de-013e-3dc6-26eaa0fab598/e/298081d0-76f9-013e-7f8d-325ff9060520/images/1x1.png
V-313,V-313 Red Brown Underglaze,https://cdn11.bigcommerce.com/s-a0h9fhqogk/stencil/1c660a40-01de-013e-3dc6-26eaa0fab598/e/298081d0-76f9-013e-7f8d-325ff9060520/images/1x1.png
V-313,V-313 Red Brown Underglaze,
V-314,V-314 Chocolate Brown Underglaze,https://cdn11.bigcommerce.com/s-a0h9fhqogk/stencil/1c660a40-01de-013e-3dc6-26eaa0fab598/e/298081d0-76f9-013e-7f8d-325ff9060520/images/1x1.png
V-314,V-314 Chocolate Brown Underglaze,https://cdn11.bigcommerce.com/s-a0h9fhqogk/stencil/1c660a40-01de-013e-3dc6-26eaa0fab598/e/298081d0-76f9-013e-7f8d-325ff9060520/images/1x1.png
V-314,V-314 Chocolate Brown Underglaze,
V-315,V-315 Peach Underglaze,https://cdn11.bigcommerce.com/s-a0h9fhqogk/stencil/1c660a40-01de-013e-3dc6-26eaa0fab598/e/298081d0-76f9-013e-7f8d-325ff9060520/images/1x1.png
V-315,V-315 Peach Underglaze,https://cdn11.bigcommerce.com/s-a0h9fhqogk/stencil/1c660a40-01de-013e-3dc6-26eaa0fab598/e/298081d0-76f9-013e-7f8d-325ff9060520/images/1x1.png
V-315,V-315 Peach Underglaze,
V-317,V-317 Coral Underglaze,https://cdn11.bigcommerce.com/s-a0h9fhqogk/stencil/1c660a40-01de-013e-3dc6-26eaa0fab598/e/298081d0-76f9-013e-7f8d-325ff9060520/images/1x1.png
V-317,V-317 Coral Underglaze,https://cdn11.bigcommerce.com/s-a0h9fhqogk/stencil/1c660a40-01de-013e-3dc6-26eaa0fab598/e/298081d0-76f9-013e-7f8d-325ff9060520/images/1x1.png
V-317,V-317 Coral Underglaze,
V-318,V-318 Rose Underglaze,https://cdn11.bigcommerce.com/s-a0h9fhqogk/stencil/1c660a40-01de-013e-3dc6-26eaa0fab598/e/298081d0-76f9-013e-7f8d-325ff9060520/images/1x1.png
V-318,V-318 Rose Underglaze,https://cdn11.bigcommerce.com/s-a0h9fhqogk/stencil/1c660a40-01de-013e-3dc6-26eaa0fab598/e/298081d0-76f9-013e-7f8d-325ff9060520/images/1x1.png
V-318,V-318 Rose Underglaze,
V-320,V-320 Lavender Underglaze,https://cdn11.bigcommerce.com/s-a0h9fhqogk/stencil/1c660a40-01de-013e-3dc6-26eaa0fab598/e/298081d0-76f9-013e-7f8d-325ff9060520/images/1x1.png
V-320,V-320 Lavender Underglaze,https://cdn11.bigcommerce.com/s-a0h9fhqogk/stencil/1c660a40-01de-013e-3dc6-26eaa0fab598/e/298081d0-76f9-013e-7f8d-325ff9060520/images/1x1.png
V-320,V-320 Lavender Underglaze,
V-321,V-321 Lilac Underglaze,https://cdn11.bigcommerce.com/s-a0h9fhqogk/stencil/1c660a40-01de-013e-3dc6-26eaa0fab598/e/298081d0-76f9-013e-7f8d-325ff9060520/images/1x1.png
V-321,V-321 Lilac Underglaze,https://cdn11.bigcommerce.com/s-a0h9fhqogk/stencil/1c660a40-01de-013e-3dc6-26eaa0fab598/e/298081d0-76f9-013e-7f8d-325ff9060520/images/1x1.png
V-321,V-321 Lilac Underglaze,
V-322,V-322 Purple Underglaze,https://cdn11.bigcommerce.com/s-a0h9fhqogk/stencil/1c660a40-01de-013e-3dc6-26eaa0fab598/e/298081d0-76f9-013e-7f8d-325ff9060520/images/1x1.png
V-322,V-322 Purple Underglaze,https://cdn11.bigcommerce.com/s-a0h9fhqogk/stencil/1c660a40-01de-013e-3dc6-26eaa0fab598/e/298081d0-76f9-013e-7f8d-325ff9060520/images/1x1.png
V-322,V-322 Purple Underglaze,
V-323,V-323 Salmon Underglaze,https://cdn11.bigcommerce.com/s-a0h9fhqogk/stencil/1c660a40-01de-013e-3dc6-26eaa0fab598/e/298081d0-76f9-013e-7f8d-325ff9060520/images/1x1.png
V-323,V-323 Salmon Underglaze,https://cdn11.bigcommerce.com/s-a0h9fhqogk/stencil/1c660a40-01de-013e-3dc6-26eaa0fab598/e/298081d0-76f9-013e-7f8d-325ff9060520/images/1x1.png
V-323,V-323 Salmon Underglaze,
V-324,V-324  Blush Underglaze,https://cdn11.bigcommerce.com/s-a0h9fhqogk/stencil/1c660a40-01de-013e-3dc6-26eaa0fab598/e/298081d0-76f9-013e-7f8d-325ff9060520/images/1x1.png
V-324,V-324  Blush Underglaze,https://cdn11.bigcommerce.com/s-a0h9fhqogk/stencil/1c660a40-01de-013e-3dc6-26eaa0fab598/e/298081d0-76f9-013e-7f8d-325ff9060520/images/1x1.png
V-324,V-324  Blush Underglaze,
V-325,V-325 Baby Blue Underglaze,https://cdn11.bigcommerce.com/s-a0h9fhqogk/stencil/1c660a40-01de-013e-3dc6-26eaa0fab598/e/298081d0-76f9-013e-7f8d-325ff9060520/images/1x1.png
V-325,V-325 Baby Blue Underglaze,https://cdn11.bigcommerce.com/s-a0h9fhqogk/stencil/1c660a40-01de-013e-3dc6-26eaa0fab598/e/298081d0-76f9-013e-7f8d-325ff9060520/images/1x1.png
V-325,V-325 Baby Blue Underglaze,
V-326,V-326 Medium Blue Underglaze,https://cdn11.bigcommerce.com/s-a0h9fhqogk/stencil/1c660a40-01de-013e-3dc6-26eaa0fab598/e/298081d0-76f9-013e-7f8d-325ff9060520/images/1x1.png
V-326,V-326 Medium Blue Underglaze,https://cdn11.bigcommerce.com/s-a0h9fhqogk/stencil/1c660a40-01de-013e-3dc6-26eaa0fab598/e/298081d0-76f9-013e-7f8d-325ff9060520/images/1x1.png
V-326,V-326 Medium Blue Underglaze,
V-327,V-327 Turquoise Blue Underglaze,https://cdn11.bigcommerce.com/s-a0h9fhqogk/stencil/1c660a40-01de-013e-3dc6-26eaa0fab598/e/298081d0-76f9-013e-7f8d-325ff9060520/images/1x1.png
V-327,V-327 Turquoise Blue Underglaze,https://cdn11.bigcommerce.com/s-a0h9fhqogk/stencil/1c660a40-01de-013e-3dc6-26eaa0fab598/e/298081d0-76f9-013e-7f8d-325ff9060520/images/1x1.png
V-327,V-327 Turquoise Blue Underglaze,
V-328,V-328 Iceberg Blue Underglaze,https://cdn11.bigcommerce.com/s-a0h9fhqogk/stencil/1c660a40-01de-013e-3dc6-26eaa0fab598/e/298081d0-76f9-013e-7f8d-325ff9060520/images/1x1.png
V-328,V-328 Iceberg Blue Underglaze,https://cdn11.bigcommerce.com/s-a0h9fhqogk/stencil/1c660a40-01de-013e-3dc6-26eaa0fab598/e/298081d0-76f9-013e-7f8d-325ff9060520/images/1x1.png
V-328,V-328 Iceberg Blue Underglaze,
